asin,description,topic,topic_description,sentiment,quantile
Y02TQVSNDB,Prod description for Y02TQVSNDB,7,Topic description for 7,-0.9143357077298202,0.949
3580G8N701,Prod description for 3580G8N701,11,Topic description for 11,-0.8750370535198846,0.093
9BGZBL2HER,Prod description for 9BGZBL2HER,3,Topic description for 3,0.8409472430542106,0.261
V3ZOW9951F,Prod description for V3ZOW9951F,5,Topic description for 5,-0.3285281407597911,0.873
4FKPC54HAT,Prod description for 4FKPC54HAT,11,Topic description for 11,0.6314949091703104,0.139
VJ600BLMLB,Prod description for VJ600BLMLB,9,Topic description for 9,-0.3455982713079559,0.882
DARHRP1E8E,Prod description for DARHRP1E8E,5,Topic description for 5,-0.7741843540311382,0.393
4FKEE329P6,Prod description for 4FKEE329P6,1,Topic description for 1,-0.4778002193804926,0.138
LDE62TW6UL,Prod description for LDE62TW6UL,0,Topic description for 0,-0.3102036932087331,0.597
XTIBX9JIQG,Prod description for XTIBX9JIQG,3,Topic description for 3,-0.5519785229839884,0.941
8RP61CG5WV,Prod description for 8RP61CG5WV,8,Topic description for 8,0.7729383560344796,0.252
QWWAZNKQIY,Prod description for QWWAZNKQIY,6,Topic description for 6,-0.8996233206525068,0.755
CCWJB10MCA,Prod description for CCWJB10MCA,11,Topic description for 11,-0.665714050525102,0.362
IW0ONOF1PU,Prod description for IW0ONOF1PU,11,Topic description for 11,-0.9383774331180492,0.531
Q4ZZPA9N3T,Prod description for Q4ZZPA9N3T,7,Topic description for 7,0.2759004644949585,0.732
AQ4YJCVB0Y,Prod description for AQ4YJCVB0Y,7,Topic description for 7,-0.620218734943208,0.301
9KR4NWTMOR,Prod description for 9KR4NWTMOR,11,Topic description for 11,-0.1952723040299624,0.272
23HWPV6L56,Prod description for 23HWPV6L56,8,Topic description for 8,-0.3593343938600029,0.062
OS9I19MH7N,Prod description for OS9I19MH7N,4,Topic description for 4,0.6911500574946696,0.697
PWOHYT9CWQ,Prod description for PWOHYT9CWQ,3,Topic description for 3,0.7598804143627684,0.724
211OOC1LP0,Prod description for 211OOC1LP0,2,Topic description for 2,0.7075180392172047,0.061
RBZWS8YMKS,Prod description for RBZWS8YMKS,11,Topic description for 11,0.0177034312900195,0.766
2I78CFY2CS,Prod description for 2I78CFY2CS,1,Topic description for 1,0.5675155029497687,0.077
O9AEGVKIZ8,Prod description for O9AEGVKIZ8,4,Topic description for 4,0.4201844133000179,0.679
NZHCPM0GP2,Prod description for NZHCPM0GP2,10,Topic description for 10,-0.2920660159525836,0.671
Q2ERWO7FNX,Prod description for Q2ERWO7FNX,10,Topic description for 10,-0.3572132008812707,0.729
GFASSX1XYZ,Prod description for GFASSX1XYZ,5,Topic description for 5,0.917075516432288,0.463
KTSC7AG1KH,Prod description for KTSC7AG1KH,2,Topic description for 2,-0.4985053443052292,0.585
11C6TA4TF5,Prod description for 11C6TA4TF5,9,Topic description for 9,-0.3400744649825724,0.027
F7NACOO937,Prod description for F7NACOO937,3,Topic description for 3,0.7570991646278675,0.44
ELHLGFJLW6,Prod description for ELHLGFJLW6,0,Topic description for 0,0.2103546778410954,0.422
B8J6KC19P6,Prod description for B8J6KC19P6,8,Topic description for 8,0.563104241423791,0.323
WQ0ROCPQWY,Prod description for WQ0ROCPQWY,2,Topic description for 2,0.415264073593079,0.906
CZXBK6DH48,Prod description for CZXBK6DH48,0,Topic description for 0,0.0814930069396444,0.379
8TJZ30R97I,Prod description for 8TJZ30R97I,10,Topic description for 10,0.4598106774661463,0.253
Y2CFPZ7NSZ,Prod description for Y2CFPZ7NSZ,6,Topic description for 6,-0.0300022258365433,0.953
AXPB15HM9S,Prod description for AXPB15HM9S,10,Topic description for 10,0.4060554464748638,0.308
5G25RSP4D9,Prod description for 5G25RSP4D9,1,Topic description for 1,-0.8416565212434848,0.162
YPZ5QSRW72,Prod description for YPZ5QSRW72,3,Topic description for 3,-0.9370685446920716,0.967
QS2VJPASDW,Prod description for QS2VJPASDW,10,Topic description for 10,-0.9775011606838138,0.752
ETJG0AOEFL,Prod description for ETJG0AOEFL,5,Topic description for 5,0.8790354689239104,0.431
B47S7MHLVO,Prod description for B47S7MHLVO,4,Topic description for 4,-0.3594703448830108,0.315
GMY6PNGSUR,Prod description for GMY6PNGSUR,1,Topic description for 1,-0.3264627786102896,0.467
M2Z1S1KUB9,Prod description for M2Z1S1KUB9,3,Topic description for 3,-0.0405382665358695,0.625
W24VOWA910,Prod description for W24VOWA910,5,Topic description for 5,-0.8684324548774867,0.896
U4DUE0UBB6,Prod description for U4DUE0UBB6,2,Topic description for 2,0.5757549840640894,0.843
UKM5KLBB1Y,Prod description for UKM5KLBB1Y,7,Topic description for 7,0.0541558095877869,0.856
SUSK9QYAPX,Prod description for SUSK9QYAPX,9,Topic description for 9,0.1556649021867231,0.807
616WQ5VJOI,Prod description for 616WQ5VJOI,5,Topic description for 5,0.2838061300352348,0.178
XBP5OKTLKT,Prod description for XBP5OKTLKT,7,Topic description for 7,0.4164012328787727,0.929
79FVP0VA4H,Prod description for 79FVP0VA4H,6,Topic description for 6,-0.4900714602215437,0.21
D8QS15GQKW,Prod description for D8QS15GQKW,2,Topic description for 2,0.0987306580533438,0.385
MV7G0330SO,Prod description for MV7G0330SO,4,Topic description for 4,-0.4422971696976505,0.647
VGUFCKY637,Prod description for VGUFCKY637,6,Topic description for 6,0.2783777792168718,0.88
LUNH5E10V4,Prod description for LUNH5E10V4,6,Topic description for 6,0.3881662851247345,0.617
XLOG6UXJ75,Prod description for XLOG6UXJ75,8,Topic description for 8,0.6848916105662131,0.937
PY1N5VS2OX,Prod description for PY1N5VS2OX,3,Topic description for 3,0.1185749381142602,0.725
3TPP9ST7LB,Prod description for 3TPP9ST7LB,5,Topic description for 5,-0.1957301886853966,0.121
RMD4222668,Prod description for RMD4222668,3,Topic description for 3,0.912279833241824,0.772
KV0TVCYC1W,Prod description for KV0TVCYC1W,7,Topic description for 7,0.5713112047507671,0.587
ZOVGN857Y4,Prod description for ZOVGN857Y4,8,Topic description for 8,-0.2488233808705588,0.986
IJE40X8UWF,Prod description for IJE40X8UWF,7,Topic description for 7,-0.3231907888286798,0.519
MP9C3IHDKO,Prod description for MP9C3IHDKO,3,Topic description for 3,-0.0634124377559797,0.641
7PNV75AD8Z,Prod description for 7PNV75AD8Z,9,Topic description for 9,-0.2907419067655095,0.22
E2D20PYHT6,Prod description for E2D20PYHT6,9,Topic description for 9,-0.7730697202413006,0.411
18Y2NDTMOI,Prod description for 18Y2NDTMOI,7,Topic description for 7,-0.9914720764823162,0.034
AXQQDS7PH5,Prod description for AXQQDS7PH5,9,Topic description for 9,0.7483782534795853,0.309
TGB91T9RJT,Prod description for TGB91T9RJT,3,Topic description for 3,0.8143275662592988,0.824
OT292ITQBG,Prod description for OT292ITQBG,2,Topic description for 2,0.2788942942828327,0.698
OA4ZUU37D0,Prod description for OA4ZUU37D0,6,Topic description for 6,-0.8862073744090573,0.681
TZLN2CTAMZ,Prod description for TZLN2CTAMZ,6,Topic description for 6,-0.0650956320700555,0.839
N1H6S4DQ7S,Prod description for N1H6S4DQ7S,9,Topic description for 9,0.1705035774878933,0.652
PLWXE71M0E,Prod description for PLWXE71M0E,0,Topic description for 0,-0.5854796625337084,0.717
WETVMJOEOR,Prod description for WETVMJOEOR,9,Topic description for 9,0.0894099184245107,0.902
T0OJMFLBRJ,Prod description for T0OJMFLBRJ,9,Topic description for 9,-0.0861333121419831,0.815
C9XLF1V8WT,Prod description for C9XLF1V8WT,0,Topic description for 0,0.4866755702054151,0.358
10O2PF0117,Prod description for 10O2PF0117,6,Topic description for 6,0.9524878391074716,0.026
WBCSRB4IFE,Prod description for WBCSRB4IFE,3,Topic description for 3,0.6485605016892806,0.901
W0ETL8NQOU,Prod description for W0ETL8NQOU,8,Topic description for 8,-0.7400542323514381,0.894
BMXVFEJ9KP,Prod description for BMXVFEJ9KP,11,Topic description for 11,0.5246218855944293,0.341
6VYH95TNKN,Prod description for 6VYH95TNKN,4,Topic description for 4,0.1210092747265747,0.201
Y1KSZWH8FI,Prod description for Y1KSZWH8FI,4,Topic description for 4,0.1355223147026847,0.952
BDQYIEE4M4,Prod description for BDQYIEE4M4,11,Topic description for 11,-0.2873785073912505,0.332
M4Z2RJV3X5,Prod description for M4Z2RJV3X5,1,Topic description for 1,-0.4640854176583595,0.627
5Q6O7POLT3,Prod description for 5Q6O7POLT3,6,Topic description for 6,0.5207041676750932,0.171
XS2AGXGZNK,Prod description for XS2AGXGZNK,9,Topic description for 9,0.008266506837834,0.94
40DSJ4LAV8,Prod description for 40DSJ4LAV8,2,Topic description for 2,-0.5608773208425875,0.125
2T2RM8EM6I,Prod description for 2T2RM8EM6I,7,Topic description for 7,0.3849482389105003,0.084
CAGX6WKU84,Prod description for CAGX6WKU84,5,Topic description for 5,0.963720194874104,0.36
2XO89TKBSQ,Prod description for 2XO89TKBSQ,6,Topic description for 6,-0.6390669467960082,0.088
O9P7ISX5RG,Prod description for O9P7ISX5RG,7,Topic description for 7,-0.9002236555946215,0.68
MAGQU2AGV9,Prod description for MAGQU2AGV9,3,Topic description for 3,-0.982681801891121,0.631
5HR3HU1B8V,Prod description for 5HR3HU1B8V,2,Topic description for 2,0.5676288331159924,0.164
X8PMBBKRDH,Prod description for X8PMBBKRDH,2,Topic description for 2,0.7793718020899087,0.926
EM2QZ4FRJR,Prod description for EM2QZ4FRJR,11,Topic description for 11,0.989266474146705,0.424
68VQVOHX1Q,Prod description for 68VQVOHX1Q,10,Topic description for 10,-0.3596700374736883,0.185
BB69YCU6LW,Prod description for BB69YCU6LW,1,Topic description for 1,0.1252561017095101,0.328
5ZGXRWQMFS,Prod description for 5ZGXRWQMFS,10,Topic description for 10,-0.45605139226392,0.176
6O8I0T247D,Prod description for 6O8I0T247D,1,Topic description for 1,-0.2613535628612431,0.193
8CQ72Y8K4B,Prod description for 8CQ72Y8K4B,2,Topic description for 2,-0.9670426519998916,0.241
T1EVBGBLZ1,Prod description for T1EVBGBLZ1,1,Topic description for 1,-0.1431058185165692,0.816
ZSKGUIVPHM,Prod description for ZSKGUIVPHM,9,Topic description for 9,-0.1741298892057707,0.99
IEAELO5SPG,Prod description for IEAELO5SPG,10,Topic description for 10,-0.8662066622881197,0.515
C57QWDDCY9,Prod description for C57QWDDCY9,8,Topic description for 8,-0.4423618496167667,0.353
SXGXN532TS,Prod description for SXGXN532TS,1,Topic description for 1,-0.3221134348473582,0.811
TGDNZ5NWP5,Prod description for TGDNZ5NWP5,10,Topic description for 10,0.592057238345467,0.825
6V2KXTGTOE,Prod description for 6V2KXTGTOE,11,Topic description for 11,0.6199271461357219,0.2
89OYELRG5C,Prod description for 89OYELRG5C,11,Topic description for 11,0.6880173507511842,0.239
SSE1RBR8A3,Prod description for SSE1RBR8A3,1,Topic description for 1,-0.9428473401664066,0.802
8IVV6J1BLR,Prod description for 8IVV6J1BLR,6,Topic description for 6,0.7455877465473111,0.245
1ABY4D6OWK,Prod description for 1ABY4D6OWK,11,Topic description for 11,-0.6263008230251272,0.037
MR17FDB57I,Prod description for MR17FDB57I,1,Topic description for 1,0.5869214934414102,0.643
NAXBXBXN8D,Prod description for NAXBXBXN8D,0,Topic description for 0,-0.5357166944521456,0.659
NCH7NUPR8U,Prod description for NCH7NUPR8U,3,Topic description for 3,-0.608467355688495,0.663
MB9LS50EHM,Prod description for MB9LS50EHM,10,Topic description for 10,0.0537045337643899,0.632
A1OWERYO84,Prod description for A1OWERYO84,2,Topic description for 2,0.3935770084278416,0.289
2TGLHRNUJT,Prod description for 2TGLHRNUJT,7,Topic description for 7,-0.6088815310474944,0.085
LCBAS4OMUD,Prod description for LCBAS4OMUD,0,Topic description for 0,0.6665107735791176,0.596
3T9NCGLK66,Prod description for 3T9NCGLK66,11,Topic description for 11,0.8668279262965859,0.12
JZ26X0PMZI,Prod description for JZ26X0PMZI,6,Topic description for 6,0.4576906122678021,0.558
7WENVFQXRY,Prod description for 7WENVFQXRY,2,Topic description for 2,-0.6295840777663231,0.226
G8HT6HFRH2,Prod description for G8HT6HFRH2,4,Topic description for 4,-0.1231110066189911,0.459
0J187WTN1R,Prod description for 0J187WTN1R,2,Topic description for 2,-0.6371448768036034,0.013
R2FLJ8F1OZ,Prod description for R2FLJ8F1OZ,1,Topic description for 1,0.9406845771386384,0.76
ES0N57OTUQ,Prod description for ES0N57OTUQ,7,Topic description for 7,-0.7474422802462415,0.429
54UB0TAMRV,Prod description for 54UB0TAMRV,2,Topic description for 2,-0.405245445504883,0.154
ZTK3H19HJA,Prod description for ZTK3H19HJA,0,Topic description for 0,-0.7448536426014514,0.992
T0DMTEVIBG,Prod description for T0DMTEVIBG,11,Topic description for 11,-0.9326672393840688,0.814
B6D13LGW8F,Prod description for B6D13LGW8F,6,Topic description for 6,-0.5678216646636267,0.319
73SDDF4L46,Prod description for 73SDDF4L46,2,Topic description for 2,-0.9642375922845174,0.208
KFCEJFZKC0,Prod description for KFCEJFZKC0,8,Topic description for 8,-0.834682707219309,0.573
IIQPVBK5HF,Prod description for IIQPVBK5HF,9,Topic description for 9,0.1776479294518553,0.518
SE96X3EQIE,Prod description for SE96X3EQIE,0,Topic description for 0,0.0259907646061599,0.792
XAGD1GNRBH,Prod description for XAGD1GNRBH,10,Topic description for 10,0.6756753947143885,0.928
1C3PXDHKU6,Prod description for 1C3PXDHKU6,1,Topic description for 1,0.461637947184657,0.039
TK34QRQKS2,Prod description for TK34QRQKS2,4,Topic description for 4,-0.7722626529924987,0.828
QEU267EATM,Prod description for QEU267EATM,2,Topic description for 2,-0.3953651894064374,0.738
FBSH2JBI6F,Prod description for FBSH2JBI6F,0,Topic description for 0,0.1961158049889779,0.445
SV91S9X4VW,Prod description for SV91S9X4VW,1,Topic description for 1,-0.6629385151882132,0.808
RBNAWO4IYM,Prod description for RBNAWO4IYM,10,Topic description for 10,-0.6377635880500638,0.765
YSG2R8VLS4,Prod description for YSG2R8VLS4,4,Topic description for 4,-0.3931915826483316,0.969
QY00KP1X28,Prod description for QY00KP1X28,0,Topic description for 0,0.7874526005263354,0.756
38HZ864IU3,Prod description for 38HZ864IU3,4,Topic description for 4,0.416175759663846,0.096
6BV3L1T3L4,Prod description for 6BV3L1T3L4,5,Topic description for 5,-0.3745701638009673,0.188
RKOI7Y1TXP,Prod description for RKOI7Y1TXP,10,Topic description for 10,-0.8010002971493821,0.771
GERJ297DD2,Prod description for GERJ297DD2,9,Topic description for 9,0.24663715997238,0.462
B4R8AWATEH,Prod description for B4R8AWATEH,1,Topic description for 1,0.2937990210610992,0.316
JSM03Z1LJQ,Prod description for JSM03Z1LJQ,7,Topic description for 7,-0.3976807328074621,0.552
820R8G30WI,Prod description for 820R8G30WI,1,Topic description for 1,0.0755600878103375,0.229
WR8VGTYNMK,Prod description for WR8VGTYNMK,1,Topic description for 1,-0.000584320542206,0.908
V3RK2FYMLX,Prod description for V3RK2FYMLX,5,Topic description for 5,0.1186548723346674,0.872
UULM5QWXLU,Prod description for UULM5QWXLU,7,Topic description for 7,-0.901964980181547,0.866
8HJGJDWIL8,Prod description for 8HJGJDWIL8,5,Topic description for 5,0.8876754957890356,0.243
R01R7CFHD8,Prod description for R01R7CFHD8,5,Topic description for 5,0.5084078965752821,0.758
RP5KOPXIDB,Prod description for RP5KOPXIDB,10,Topic description for 10,0.0882765176078681,0.776
BQQT8W1GIO,Prod description for BQQT8W1GIO,2,Topic description for 2,-0.2824389160955394,0.345
HREXKA40HP,Prod description for HREXKA40HP,1,Topic description for 1,0.1744845463609141,0.495
6FX5R22R2V,Prod description for 6FX5R22R2V,9,Topic description for 9,0.7203804937727252,0.19
X7KIFEQYQA,Prod description for X7KIFEQYQA,2,Topic description for 2,0.0101150530989932,0.925
H23FQG78BT,Prod description for H23FQG78BT,8,Topic description for 8,0.4132449865737782,0.476
38JK16RGAF,Prod description for 38JK16RGAF,8,Topic description for 8,-0.8272616886840005,0.097
MDASL6AIY8,Prod description for MDASL6AIY8,1,Topic description for 1,-0.4497978242063365,0.634
32GHPHUVEZ,Prod description for 32GHPHUVEZ,6,Topic description for 6,0.3068318174216826,0.09
AOYJIMW5YH,Prod description for AOYJIMW5YH,4,Topic description for 4,0.8544345678315257,0.3
P583G1ISM6,Prod description for P583G1ISM6,9,Topic description for 9,0.6133569212612591,0.708
JQJ5XCVL8Z,Prod description for JQJ5XCVL8Z,0,Topic description for 0,-0.161390077871782,0.551
RTYI70FD8W,Prod description for RTYI70FD8W,7,Topic description for 7,0.4923430030671949,0.781
YCYOMVQ8GR,Prod description for YCYOMVQ8GR,8,Topic description for 8,0.2044834523110641,0.956
DQGEUEO4PZ,Prod description for DQGEUEO4PZ,5,Topic description for 5,0.9598155848315868,0.405
35F905DFJ8,Prod description for 35F905DFJ8,1,Topic description for 1,-0.317552293840079,0.094
3BH0ZBU7JQ,Prod description for 3BH0ZBU7JQ,9,Topic description for 9,0.1633208454468615,0.103
QY3U3QXMQI,Prod description for QY3U3QXMQI,11,Topic description for 11,0.2386930738874952,0.757
CFEHNBZ2DI,Prod description for CFEHNBZ2DI,0,Topic description for 0,-0.7757027352198291,0.366
NTBGPKVG67,Prod description for NTBGPKVG67,2,Topic description for 2,-0.0756357990646041,0.668
OIBLLP6NWO,Prod description for OIBLLP6NWO,7,Topic description for 7,0.6849514835361583,0.692
01B5N7X2IG,Prod description for 01B5N7X2IG,10,Topic description for 10,-0.149636684138873,0.0
M7IYGKH6IG,Prod description for M7IYGKH6IG,11,Topic description for 11,0.9240272793979842,0.628
U99ZHZVEA5,Prod description for U99ZHZVEA5,4,Topic description for 4,0.4206087791978683,0.847
562V6XQZE7,Prod description for 562V6XQZE7,1,Topic description for 1,-0.0817273913167686,0.155
7L7TEE2UWY,Prod description for 7L7TEE2UWY,9,Topic description for 9,-0.0551326490513126,0.218
X6B16RV7VM,Prod description for X6B16RV7VM,4,Topic description for 4,-0.5834317319651094,0.921
QON04VJLDX,Prod description for QON04VJLDX,0,Topic description for 0,-0.6558722311894882,0.749
7HJH4IMRPN,Prod description for 7HJH4IMRPN,9,Topic description for 9,0.3108796974790226,0.215
R03O5PNHVI,Prod description for R03O5PNHVI,7,Topic description for 7,0.187268728710614,0.759
JW2DTJEO5R,Prod description for JW2DTJEO5R,4,Topic description for 4,0.4027523692401218,0.554
0379YQWE1P,Prod description for 0379YQWE1P,0,Topic description for 0,-0.9558679651812332,0.001
W4J2YBE58I,Prod description for W4J2YBE58I,4,Topic description for 4,-0.8162690481239991,0.898
LF9EU1UNNY,Prod description for LF9EU1UNNY,4,Topic description for 4,-0.5599458039725191,0.602
EMZI5K6UA5,Prod description for EMZI5K6UA5,2,Topic description for 2,0.5678738219758086,0.425
C3KFK45ZJG,Prod description for C3KFK45ZJG,7,Topic description for 7,0.2899123415645428,0.352
9M089IW92P,Prod description for 9M089IW92P,0,Topic description for 0,-0.8656038037961611,0.273
XUDF4EC7N0,Prod description for XUDF4EC7N0,8,Topic description for 8,0.4092993758549748,0.943
58FM0BW1NT,Prod description for 58FM0BW1NT,4,Topic description for 4,0.6562653953670052,0.157
MTMQ6JYE4S,Prod description for MTMQ6JYE4S,5,Topic description for 5,0.0615582606053055,0.645
BTJHUI6NWV,Prod description for BTJHUI6NWV,1,Topic description for 1,-0.9143773423392804,0.347
F96GAQCKXX,Prod description for F96GAQCKXX,5,Topic description for 5,0.7273053168209984,0.441
GPVSEQ5LW1,Prod description for GPVSEQ5LW1,4,Topic description for 4,-0.7726777642517131,0.471
ILTXNYNENV,Prod description for ILTXNYNENV,10,Topic description for 10,0.5768171426528392,0.522
SSQRYOKDON,Prod description for SSQRYOKDON,9,Topic description for 9,-0.9126734269240412,0.804
3HV6B6CK9E,Prod description for 3HV6B6CK9E,0,Topic description for 0,0.2951528855437233,0.109
NE8TJF3CW7,Prod description for NE8TJF3CW7,11,Topic description for 11,0.23957380719491,0.665
L79VJTH56X,Prod description for L79VJTH56X,4,Topic description for 4,0.6568014276173195,0.591
LRVBUZM4FC,Prod description for LRVBUZM4FC,3,Topic description for 3,0.4002193947544643,0.612
AVNGLRF7L9,Prod description for AVNGLRF7L9,8,Topic description for 8,-0.6544442505023444,0.306
I5U4PG3A6N,Prod description for I5U4PG3A6N,8,Topic description for 8,-0.7306540359353781,0.509
ZJRZBADMWR,Prod description for ZJRZBADMWR,5,Topic description for 5,0.6263147702525469,0.982
6FP8J2URQF,Prod description for 6FP8J2URQF,8,Topic description for 8,0.8699498866813289,0.189
K4G3H4Q8E1,Prod description for K4G3H4Q8E1,8,Topic description for 8,-0.3248147403969894,0.567
8PZ5R6IK18,Prod description for 8PZ5R6IK18,5,Topic description for 5,-0.022770390914961,0.25
LFWCIBY0UQ,Prod description for LFWCIBY0UQ,3,Topic description for 3,0.9852904746663168,0.603
BZZJTKF4HR,Prod description for BZZJTKF4HR,9,Topic description for 9,0.171304653880991,0.349
W8KH5AYWGN,Prod description for W8KH5AYWGN,8,Topic description for 8,-0.4464657145326223,0.9
39LRV7YER6,Prod description for 39LRV7YER6,11,Topic description for 11,0.5052955359385904,0.1
IMJHWYANDN,Prod description for IMJHWYANDN,9,Topic description for 9,-0.1992175484335034,0.523
KJQPGEVWB2,Prod description for KJQPGEVWB2,11,Topic description for 11,-0.0248937577658689,0.579
DLNOHD3AEZ,Prod description for DLNOHD3AEZ,7,Topic description for 7,-0.2840258869714056,0.402
67Y4BRCN48,Prod description for 67Y4BRCN48,8,Topic description for 8,-0.7152931228432153,0.184
XUBSA12VIB,Prod description for XUBSA12VIB,8,Topic description for 8,-0.24176485361865,0.942
IYFSR534IF,Prod description for IYFSR534IF,4,Topic description for 4,0.58234236200205,0.533
WS3BGKX2U8,Prod description for WS3BGKX2U8,3,Topic description for 3,-0.1677056740956735,0.911
4SD6VKYNZR,Prod description for 4SD6VKYNZR,7,Topic description for 7,-0.7438610714302023,0.147
2HJP8QAD6H,Prod description for 2HJP8QAD6H,1,Topic description for 1,-0.448609557268568,0.075
5JE492TF5S,Prod description for 5JE492TF5S,1,Topic description for 1,-0.0357426923162411,0.167
2WPU7P55GP,Prod description for 2WPU7P55GP,2,Topic description for 2,0.5545160665577888,0.086
9VJ9YM99RI,Prod description for 9VJ9YM99RI,1,Topic description for 1,-0.6831665563627758,0.283
1MK3L3AK9O,Prod description for 1MK3L3AK9O,5,Topic description for 5,0.0835589435867887,0.048
H592RDPLZ1,Prod description for H592RDPLZ1,11,Topic description for 11,0.7881323008269547,0.479
PBDJ4P08E4,Prod description for PBDJ4P08E4,4,Topic description for 4,-0.8099530179015739,0.712
1HX26QF8RQ,Prod description for 1HX26QF8RQ,7,Topic description for 7,0.3510083395955441,0.043
P61L8ANUYP,Prod description for P61L8ANUYP,2,Topic description for 2,-0.8088645834654922,0.71
08ITGR383P,Prod description for 08ITGR383P,5,Topic description for 5,-0.937931408470623,0.004
FPARSGQTJA,Prod description for FPARSGQTJA,11,Topic description for 11,0.6981234298816688,0.451
BI8V73ICS1,Prod description for BI8V73ICS1,11,Topic description for 11,-0.8167239257081209,0.336
7Q0ZATZSVR,Prod description for 7Q0ZATZSVR,3,Topic description for 3,0.7424965756800823,0.221
0OH8PRZMXQ,Prod description for 0OH8PRZMXQ,7,Topic description for 7,0.3406860712371755,0.016
UN39YU9IJN,Prod description for UN39YU9IJN,3,Topic description for 3,-0.2006016598273006,0.862
F38DW00U42,Prod description for F38DW00U42,7,Topic description for 7,0.2435781147355895,0.437
ZG8289BA3X,Prod description for ZG8289BA3X,2,Topic description for 2,-0.1889101542057152,0.98
QITFN6NOH4,Prod description for QITFN6NOH4,3,Topic description for 3,-0.1010318157043308,0.74
CP7744LMKS,Prod description for CP7744LMKS,11,Topic description for 11,-0.1052260342433026,0.373
50NJJGCIP6,Prod description for 50NJJGCIP6,7,Topic description for 7,0.4964052142885982,0.151
19P8S9SLTS,Prod description for 19P8S9SLTS,5,Topic description for 5,0.6455033004020791,0.035
4QJ5E8CBFD,Prod description for 4QJ5E8CBFD,6,Topic description for 6,0.36316931116838,0.143
QE0TAJRKI3,Prod description for QE0TAJRKI3,9,Topic description for 9,-0.6589817276002943,0.737
5CHEYTKRTV,Prod description for 5CHEYTKRTV,2,Topic description for 2,0.7107693585401398,0.16
9IYAU9JZ7F,Prod description for 9IYAU9JZ7F,7,Topic description for 7,0.3748863132790112,0.269
28XYWVYWGM,Prod description for 28XYWVYWGM,0,Topic description for 0,0.3052745075116758,0.067
LC0LPCCWF7,Prod description for LC0LPCCWF7,10,Topic description for 10,0.757099978188924,0.595
BRZHN5SUGK,Prod description for BRZHN5SUGK,5,Topic description for 5,-0.2715663915838653,0.346
3I7KV6LW35,Prod description for 3I7KV6LW35,4,Topic description for 4,0.2928363417635551,0.11
7H9205WUX8,Prod description for 7H9205WUX8,9,Topic description for 9,-0.5728389908866764,0.214
AVK2HN331B,Prod description for AVK2HN331B,2,Topic description for 2,0.0729219333230886,0.305
KASAIQQ2LA,Prod description for KASAIQQ2LA,8,Topic description for 8,-0.7278136787156637,0.571
BA21KJLFD9,Prod description for BA21KJLFD9,1,Topic description for 1,-0.2000599011556272,0.327
PCQ6YI72CM,Prod description for PCQ6YI72CM,6,Topic description for 6,-0.7058223914831883,0.714
N75V054863,Prod description for N75V054863,4,Topic description for 4,-0.4756401342520708,0.655
C6VWAX2HGD,Prod description for C6VWAX2HGD,11,Topic description for 11,-0.0013703997541307,0.354
YZ0HLRPYSV,Prod description for YZ0HLRPYSV,6,Topic description for 6,-0.0432755523462473,0.973
OI5X5W1GIZ,Prod description for OI5X5W1GIZ,10,Topic description for 10,0.7153605496605364,0.691
VBD4UT7P9I,Prod description for VBD4UT7P9I,2,Topic description for 2,0.0663355642736045,0.875
D8WPOBGXC4,Prod description for D8WPOBGXC4,3,Topic description for 3,-0.6531158232818752,0.386
WXVQSDD0IT,Prod description for WXVQSDD0IT,5,Topic description for 5,0.1862594135829893,0.914
252JEYK2BZ,Prod description for 252JEYK2BZ,4,Topic description for 4,0.2039346855869634,0.063
E2DVHTN5WC,Prod description for E2DVHTN5WC,8,Topic description for 8,0.4413198885692009,0.412
2BBN52WDDX,Prod description for 2BBN52WDDX,10,Topic description for 10,-0.976816779166295,0.071
G3W7CXLKXD,Prod description for G3W7CXLKXD,10,Topic description for 10,0.4321949385134966,0.457
MI2TFN05SJ,Prod description for MI2TFN05SJ,0,Topic description for 0,-0.3463813470468677,0.637
NV7GJVNYIQ,Prod description for NV7GJVNYIQ,6,Topic description for 6,0.3397077709355807,0.669
LJUKJ10HSS,Prod description for LJUKJ10HSS,3,Topic description for 3,-0.8252497616323033,0.607
9EDS9CTUIJ,Prod description for 9EDS9CTUIJ,10,Topic description for 10,-0.9362091677096418,0.265
1N8N1BN5CH,Prod description for 1N8N1BN5CH,8,Topic description for 8,-0.5425005458897032,0.049
I2PTQMX539,Prod description for I2PTQMX539,9,Topic description for 9,0.4688004183409022,0.507
36BAAW8D0Y,Prod description for 36BAAW8D0Y,4,Topic description for 4,-0.6390294444605884,0.095
SMPCSW61VV,Prod description for SMPCSW61VV,6,Topic description for 6,0.3916016378241964,0.799
AR1TXMH0PP,Prod description for AR1TXMH0PP,3,Topic description for 3,-0.6992118860454801,0.302
5HA5O3ZLKT,Prod description for 5HA5O3ZLKT,5,Topic description for 5,-0.8265644341241993,0.163
D8IN85NA81,Prod description for D8IN85NA81,10,Topic description for 10,0.3152531729030161,0.384
F4KNFZZBB6,Prod description for F4KNFZZBB6,5,Topic description for 5,0.2524945932846083,0.438
QNZKGPNNS3,Prod description for QNZKGPNNS3,3,Topic description for 3,0.962539069847886,0.747
CFFZ6LVVOV,Prod description for CFFZ6LVVOV,8,Topic description for 8,-0.6155242230781586,0.367
4RCLB0AIH0,Prod description for 4RCLB0AIH0,1,Topic description for 1,-0.3418273161826113,0.145
ZWBXCQ5L89,Prod description for ZWBXCQ5L89,1,Topic description for 1,0.5485360245740714,0.998
ZRERNVWL6B,Prod description for ZRERNVWL6B,9,Topic description for 9,0.9767847484299796,0.988
TXARCUBWLH,Prod description for TXARCUBWLH,8,Topic description for 8,0.5561404728502803,0.837
BY6T78NOBG,Prod description for BY6T78NOBG,4,Topic description for 4,-0.6334713229183204,0.348
NPX1RWR4UA,Prod description for NPX1RWR4UA,4,Topic description for 4,0.7346055119839752,0.666
5SMDAXDMVN,Prod description for 5SMDAXDMVN,3,Topic description for 3,0.0167499071543946,0.173
EEVR98P8YT,Prod description for EEVR98P8YT,8,Topic description for 8,0.904066901152679,0.418
CVLEIZULV1,Prod description for CVLEIZULV1,1,Topic description for 1,0.5455903084263392,0.375
845MRIV1P2,Prod description for 845MRIV1P2,11,Topic description for 11,-0.6669655962904999,0.231
8OOI9LNL9E,Prod description for 8OOI9LNL9E,9,Topic description for 9,0.5707632660919504,0.248
J7Q43FPV3E,Prod description for J7Q43FPV3E,1,Topic description for 1,-0.9833443293413522,0.54
49ZBNPHEUM,Prod description for 49ZBNPHEUM,0,Topic description for 0,-0.1728099319025564,0.134
LSTGKJ7SU8,Prod description for LSTGKJ7SU8,9,Topic description for 9,-0.4927292806618328,0.615
HSD9Z4OQWQ,Prod description for HSD9Z4OQWQ,2,Topic description for 2,-0.5396704635594771,0.496
UGCLR1FDZB,Prod description for UGCLR1FDZB,3,Topic description for 3,-0.2072620922945436,0.853
I11X15S9IE,Prod description for I11X15S9IE,10,Topic description for 10,0.2887766082981917,0.506
A2R9CP94FY,Prod description for A2R9CP94FY,8,Topic description for 8,0.5602589925269825,0.29
QLP589JO96,Prod description for QLP589JO96,8,Topic description for 8,-0.4701058745637658,0.744
FHZRTUHBMJ,Prod description for FHZRTUHBMJ,3,Topic description for 3,-0.4311781036270015,0.447
SKKE85CCTG,Prod description for SKKE85CCTG,7,Topic description for 7,-0.612448677327436,0.798
SK6Y8ML05B,Prod description for SK6Y8ML05B,6,Topic description for 6,-0.3870709070019889,0.797
WQPPRSN042,Prod description for WQPPRSN042,11,Topic description for 11,-0.4225168711486522,0.907
9XH6YHR2VZ,Prod description for 9XH6YHR2VZ,9,Topic description for 9,0.1033645671730687,0.285
LAE4B10BUW,Prod description for LAE4B10BUW,10,Topic description for 10,-0.6551244852748941,0.593
AYGHJTKJGB,Prod description for AYGHJTKJGB,2,Topic description for 2,-0.12250941829437,0.311
SGX8AP32RN,Prod description for SGX8AP32RN,11,Topic description for 11,-0.7930626860343744,0.795
31TOKQN90K,Prod description for 31TOKQN90K,8,Topic description for 8,0.6778389300996186,0.089
FLC112TGGV,Prod description for FLC112TGGV,6,Topic description for 6,0.6848227073006536,0.448
J5IT1OA85A,Prod description for J5IT1OA85A,4,Topic description for 4,-0.7100257034368342,0.537
X2LKKPOE5V,Prod description for X2LKKPOE5V,6,Topic description for 6,0.2175625820886388,0.918
FHUZD9UF55,Prod description for FHUZD9UF55,7,Topic description for 7,0.5546266502469523,0.446
I4677MYZJR,Prod description for I4677MYZJR,5,Topic description for 5,-0.8787613662464155,0.508
QK4DL4A4Z3,Prod description for QK4DL4A4Z3,3,Topic description for 3,0.9605243567631052,0.742
AKAHMJMXQG,Prod description for AKAHMJMXQG,8,Topic description for 8,0.4362073418203367,0.297
715NMPIFRB,Prod description for 715NMPIFRB,11,Topic description for 11,-0.1460514507637824,0.205
LECJTSYI9G,Prod description for LECJTSYI9G,10,Topic description for 10,-0.7415628674787362,0.599
54M65KMVJW,Prod description for 54M65KMVJW,5,Topic description for 5,0.8013713731829162,0.153
WXDPCRYEKO,Prod description for WXDPCRYEKO,5,Topic description for 5,0.2017329185260108,0.913
8J7TRBCR6O,Prod description for 8J7TRBCR6O,0,Topic description for 0,-0.5053766143036893,0.246
6MKX7V7H83,Prod description for 6MKX7V7H83,4,Topic description for 4,-0.8877987179677747,0.192
AEPHG5WP9O,Prod description for AEPHG5WP9O,8,Topic description for 8,-0.7030721838782596,0.296
BA19QI0SS3,Prod description for BA19QI0SS3,2,Topic description for 2,-0.5908595819194307,0.326
OU5I716DZN,Prod description for OU5I716DZN,8,Topic description for 8,0.0748168178231296,0.702
EKLL3XLWTX,Prod description for EKLL3XLWTX,7,Topic description for 7,-0.4036240404133489,0.42
72Y72VZAQU,Prod description for 72Y72VZAQU,6,Topic description for 6,-0.4122684824442126,0.207
HGSOVPCHEJ,Prod description for HGSOVPCHEJ,8,Topic description for 8,0.6019065610238565,0.489
0SF8NHHWDC,Prod description for 0SF8NHHWDC,8,Topic description for 8,-0.8264138065015112,0.018
3LG8P0GPKJ,Prod description for 3LG8P0GPKJ,11,Topic description for 11,-0.5322461889032748,0.114
C9P2CQXENZ,Prod description for C9P2CQXENZ,6,Topic description for 6,0.421356890906416,0.356
2NF8RIEXN3,Prod description for 2NF8RIEXN3,5,Topic description for 5,-0.3534871148005651,0.082
D5CJJR1BX3,Prod description for D5CJJR1BX3,11,Topic description for 11,0.250224548717437,0.382
SXF06GAY9X,Prod description for SXF06GAY9X,10,Topic description for 10,0.6131997521017392,0.81
TETMWJQU0O,Prod description for TETMWJQU0O,8,Topic description for 8,-0.3233434711100293,0.823
PKFNBM5QX4,Prod description for PKFNBM5QX4,11,Topic description for 11,0.9005569163448428,0.716
150DFJ7I5H,Prod description for 150DFJ7I5H,9,Topic description for 9,-0.8906102826138553,0.031
0WF0H9JZOS,Prod description for 0WF0H9JZOS,9,Topic description for 9,-0.4699977407681546,0.022
UM6TQNDYCK,Prod description for UM6TQNDYCK,3,Topic description for 3,-0.4197054721440449,0.86
A45CQBOJRE,Prod description for A45CQBOJRE,7,Topic description for 7,-0.2569170415077999,0.291
621WXX73RV,Prod description for 621WXX73RV,8,Topic description for 8,-0.262139397833794,0.179
Y0RYKFVHBF,Prod description for Y0RYKFVHBF,8,Topic description for 8,0.8570091649465119,0.95
UVFLVSWQ7P,Prod description for UVFLVSWQ7P,11,Topic description for 11,-0.0955202887592832,0.868
AWYQ1VN25K,Prod description for AWYQ1VN25K,1,Topic description for 1,0.9584892274426662,0.307
9BV3LCQP8B,Prod description for 9BV3LCQP8B,11,Topic description for 11,-0.9297694211928949,0.263
SP77LL3DBT,Prod description for SP77LL3DBT,2,Topic description for 2,-0.1046691104887123,0.8
P880VO1R32,Prod description for P880VO1R32,5,Topic description for 5,0.0336642184164122,0.711
EON141RS27,Prod description for EON141RS27,5,Topic description for 5,0.5199278551275253,0.426
LABBH9ZQYG,Prod description for LABBH9ZQYG,5,Topic description for 5,0.5645154199078573,0.592
TKKJ3OHMK6,Prod description for TKKJ3OHMK6,11,Topic description for 11,-0.910039181829907,0.829
89DZEOZDV4,Prod description for 89DZEOZDV4,5,Topic description for 5,0.6485542392863348,0.238
3PQXY422LN,Prod description for 3PQXY422LN,0,Topic description for 0,0.0334989079366949,0.118
1P9BWTE0BO,Prod description for 1P9BWTE0BO,2,Topic description for 2,-0.9882923768607736,0.05
E5VK5W8UT0,Prod description for E5VK5W8UT0,8,Topic description for 8,-0.3162373138264622,0.415
0HC9ZZPRNZ,Prod description for 0HC9ZZPRNZ,3,Topic description for 3,-0.4173895276899355,0.011
ME8EVS5Y95,Prod description for ME8EVS5Y95,7,Topic description for 7,0.6453810916978153,0.636
YJDBJSDGTC,Prod description for YJDBJSDGTC,11,Topic description for 11,0.6976676199082779,0.963
HEL36J53YZ,Prod description for HEL36J53YZ,0,Topic description for 0,-0.8949954029490761,0.485
R7IL3C05WD,Prod description for R7IL3C05WD,0,Topic description for 0,-0.7811722873605451,0.764
LI3Y6T98V1,Prod description for LI3Y6T98V1,3,Topic description for 3,-0.3348595731264157,0.604
LYEI9JK7GA,Prod description for LYEI9JK7GA,10,Topic description for 10,0.0220903208102405,0.621
X6TKDN5K1G,Prod description for X6TKDN5K1G,11,Topic description for 11,-0.8806386206257133,0.923
BDBKXD3VMM,Prod description for BDBKXD3VMM,6,Topic description for 6,0.0171248226367592,0.331
KM5W0DJGW3,Prod description for KM5W0DJGW3,5,Topic description for 5,0.918860672174698,0.581
2J67VF9LXI,Prod description for 2J67VF9LXI,9,Topic description for 9,0.9837260563833938,0.078
PYHM3QSP9K,Prod description for PYHM3QSP9K,7,Topic description for 7,0.70780597529954,0.727
RGJTCAI0LI,Prod description for RGJTCAI0LI,9,Topic description for 9,-0.9717133458621752,0.768
LSEPGC7P71,Prod description for LSEPGC7P71,5,Topic description for 5,0.629874715741354,0.613
T22QLYNUKS,Prod description for T22QLYNUKS,10,Topic description for 10,-0.6969582456579968,0.818
HV89OJEKD9,Prod description for HV89OJEKD9,0,Topic description for 0,-0.4120334792766371,0.501
K06MD55OPY,Prod description for K06MD55OPY,6,Topic description for 6,-0.0204946025071686,0.561
PTXH6QZFH7,Prod description for PTXH6QZFH7,9,Topic description for 9,-0.7296051024614376,0.721
WRS790SPCK,Prod description for WRS790SPCK,0,Topic description for 0,-0.5326495330574184,0.909
NWDDGKD9HA,Prod description for NWDDGKD9HA,4,Topic description for 4,0.6831604909647047,0.67
OT4L5RE14X,Prod description for OT4L5RE14X,4,Topic description for 4,0.4352778535845891,0.699
45TDTKGO65,Prod description for 45TDTKGO65,9,Topic description for 9,-0.460959541076646,0.13
WN7HW12JNN,Prod description for WN7HW12JNN,9,Topic description for 9,-0.8053307963547052,0.904
KV507QNM2Z,Prod description for KV507QNM2Z,0,Topic description for 0,-0.0381258538029942,0.588
X340JRSGCS,Prod description for X340JRSGCS,5,Topic description for 5,-0.9116249548431126,0.919
7W6L044Y6T,Prod description for 7W6L044Y6T,3,Topic description for 3,0.9276032635111306,0.225
Z1AYTIY3O0,Prod description for Z1AYTIY3O0,10,Topic description for 10,-0.3953952514101331,0.974
2MZKF9I0XS,Prod description for 2MZKF9I0XS,10,Topic description for 10,0.7251105275672709,0.081
V8WTP5P2TW,Prod description for V8WTP5P2TW,4,Topic description for 4,-0.9633327573537434,0.874
8XU44P8EGT,Prod description for 8XU44P8EGT,5,Topic description for 5,-0.4397308263937749,0.255
VX1JMW9N5S,Prod description for VX1JMW9N5S,1,Topic description for 1,0.8278405721472881,0.889
9U19E9UGVP,Prod description for 9U19E9UGVP,1,Topic description for 1,-0.1805499298921842,0.28
YE42APQ743,Prod description for YE42APQ743,6,Topic description for 6,-0.1066221786529022,0.958
CAKSUSSC9K,Prod description for CAKSUSSC9K,3,Topic description for 3,-0.6032361657668848,0.361
JYFNDMO3K8,Prod description for JYFNDMO3K8,6,Topic description for 6,0.4300288644378811,0.556
MRXM8ZXW5L,Prod description for MRXM8ZXW5L,8,Topic description for 8,0.9159307990018032,0.644
OYWK69PRTJ,Prod description for OYWK69PRTJ,11,Topic description for 11,-0.8026320318457938,0.706
LWCHG38G0Z,Prod description for LWCHG38G0Z,8,Topic description for 8,-0.064886910372359,0.619
YOA2MHI17T,Prod description for YOA2MHI17T,0,Topic description for 0,0.4156006612561571,0.966
MDGM2OPKP1,Prod description for MDGM2OPKP1,2,Topic description for 2,-0.7653938764526036,0.635
I9HCE81JDB,Prod description for I9HCE81JDB,2,Topic description for 2,0.4421854741852749,0.511
6QIF77OFR9,Prod description for 6QIF77OFR9,8,Topic description for 8,-0.3757185747472484,0.195
BOZLM7V8WL,Prod description for BOZLM7V8WL,8,Topic description for 8,0.2386885027210306,0.342
ATXXSQRUCZ,Prod description for ATXXSQRUCZ,3,Topic description for 3,0.4485078480716373,0.303
F6DORZ3IW3,Prod description for F6DORZ3IW3,3,Topic description for 3,-0.8200054425701475,0.439
VH41TZ9SK3,Prod description for VH41TZ9SK3,4,Topic description for 4,-0.2958168864636266,0.881
4AEGBWE1US,Prod description for 4AEGBWE1US,1,Topic description for 1,0.4023814673629038,0.135
RTWFJDX61R,Prod description for RTWFJDX61R,4,Topic description for 4,0.6294786643509604,0.779
CF55BX3NI5,Prod description for CF55BX3NI5,8,Topic description for 8,-0.52403683963324,0.365
4M8U4390VF,Prod description for 4M8U4390VF,11,Topic description for 11,0.7979319641442144,0.141
88FTA1LHV3,Prod description for 88FTA1LHV3,4,Topic description for 4,0.7082844063205274,0.237
X165NSOTA1,Prod description for X165NSOTA1,5,Topic description for 5,-0.6254795042575427,0.917
GSP035UMSK,Prod description for GSP035UMSK,7,Topic description for 7,0.8758595633216473,0.473
1TDXWBEOB9,Prod description for 1TDXWBEOB9,7,Topic description for 7,0.2897898741995015,0.054
SQ50X4RPTL,Prod description for SQ50X4RPTL,0,Topic description for 0,0.2930492450662041,0.801
OOI2DUM2KF,Prod description for OOI2DUM2KF,10,Topic description for 10,-0.6778928807572229,0.696
K1BRQHC7QB,Prod description for K1BRQHC7QB,11,Topic description for 11,0.6282782919525987,0.566
LTF18KALI2,Prod description for LTF18KALI2,6,Topic description for 6,0.2650889612768867,0.616
VO76VIGNLG,Prod description for VO76VIGNLG,8,Topic description for 8,0.910799078408427,0.885
LYLKL8UTNC,Prod description for LYLKL8UTNC,7,Topic description for 7,0.8921759857160145,0.622
8PI39JVOLK,Prod description for 8PI39JVOLK,5,Topic description for 5,0.5591992251369895,0.249
0KSLVYF9GM,Prod description for 0KSLVYF9GM,11,Topic description for 11,0.0988612295564008,0.015
N78XXOX2UT,Prod description for N78XXOX2UT,4,Topic description for 4,-0.9523308322832152,0.656
NRZRIS4LZ4,Prod description for NRZRIS4LZ4,7,Topic description for 7,0.144014271476724,0.667
90SS0V1JE6,Prod description for 90SS0V1JE6,2,Topic description for 2,0.2941866372075743,0.257
RQD26E6QA9,Prod description for RQD26E6QA9,8,Topic description for 8,0.6279336781898242,0.777
34XECA04Y1,Prod description for 34XECA04Y1,2,Topic description for 2,-0.1362424446941206,0.092
SJO5D8X71L,Prod description for SJO5D8X71L,0,Topic description for 0,0.9054028516405226,0.796
1EIXTY70UW,Prod description for 1EIXTY70UW,2,Topic description for 2,-0.0676945372818254,0.041
XKG4D0VUKH,Prod description for XKG4D0VUKH,8,Topic description for 8,0.4375462094757938,0.936
8EHVDEE7B7,Prod description for 8EHVDEE7B7,6,Topic description for 6,-0.206679911482936,0.242
DVQBVXEHHL,Prod description for DVQBVXEHHL,9,Topic description for 9,-0.6260588618712222,0.408
SGK4YW47EG,Prod description for SGK4YW47EG,0,Topic description for 0,0.3290515621026249,0.794
C77GJMGZ2Y,Prod description for C77GJMGZ2Y,11,Topic description for 11,0.8478658834709398,0.355
TS0WSMYPH5,Prod description for TS0WSMYPH5,1,Topic description for 1,-0.0285703386423727,0.833
GDR6LF29FV,Prod description for GDR6LF29FV,10,Topic description for 10,0.4499058135263887,0.461
BIMS1TRU70,Prod description for BIMS1TRU70,7,Topic description for 7,0.5891317467559076,0.338
6MEKBIGFWA,Prod description for 6MEKBIGFWA,5,Topic description for 5,-0.4783792826570447,0.191
CJCBV3D5YP,Prod description for CJCBV3D5YP,11,Topic description for 11,0.9239363526145424,0.369
5KB35KP181,Prod description for 5KB35KP181,4,Topic description for 4,0.1495511844675559,0.168
WVM13UPR9Z,Prod description for WVM13UPR9Z,3,Topic description for 3,-0.7862739925275197,0.912
ELD6I39LFC,Prod description for ELD6I39LFC,11,Topic description for 11,-0.7258632676695354,0.421
204MFU80QS,Prod description for 204MFU80QS,10,Topic description for 10,-0.089086042007467,0.06
4T0724THFZ,Prod description for 4T0724THFZ,0,Topic description for 0,0.7467267616919873,0.148
4FCKRGIK8X,Prod description for 4FCKRGIK8X,11,Topic description for 11,0.2292502290116818,0.137
SCM4IMJH03,Prod description for SCM4IMJH03,6,Topic description for 6,-0.1758552992714492,0.791
6R67RKL7BE,Prod description for 6R67RKL7BE,1,Topic description for 1,0.9027234902375753,0.197
M4JC4H15D3,Prod description for M4JC4H15D3,6,Topic description for 6,-0.2558165973613839,0.626
B06H4CC331,Prod description for B06H4CC331,8,Topic description for 8,-0.0315884630422287,0.314
JOVSGCRHOK,Prod description for JOVSGCRHOK,4,Topic description for 4,0.1547362443461564,0.55
ZVYN558L5Z,Prod description for ZVYN558L5Z,10,Topic description for 10,-0.1112001287745236,0.996
CEEZ86ERZA,Prod description for CEEZ86ERZA,6,Topic description for 6,-0.0313172172631368,0.364
QSFYSXS0R4,Prod description for QSFYSXS0R4,4,Topic description for 4,0.4222192747441406,0.753
IXKVWTHPSB,Prod description for IXKVWTHPSB,2,Topic description for 2,-0.7190767597318146,0.532
OIOP7L6XKS,Prod description for OIOP7L6XKS,1,Topic description for 1,0.5384252319264415,0.693
OUVLCSC00Y,Prod description for OUVLCSC00Y,9,Topic description for 9,0.3911353763679432,0.704
HSNK0TUHH7,Prod description for HSNK0TUHH7,9,Topic description for 9,0.2325407819372478,0.497
DA1KJWUH5C,Prod description for DA1KJWUH5C,1,Topic description for 1,0.8989385144204378,0.391
65JDAZGLTX,Prod description for 65JDAZGLTX,0,Topic description for 0,-0.4863969504902572,0.182
I9EMKUV7WV,Prod description for I9EMKUV7WV,4,Topic description for 4,-0.5799725610819713,0.51
HTLEYZHV7K,Prod description for HTLEYZHV7K,10,Topic description for 10,0.2326704621677811,0.498
GJVBQTZJG5,Prod description for GJVBQTZJG5,2,Topic description for 2,0.9814375178645128,0.465
XWU078EHLI,Prod description for XWU078EHLI,9,Topic description for 9,-0.6552551098596919,0.945
XJJVTEJFK2,Prod description for XJJVTEJFK2,5,Topic description for 5,-0.5329594635575143,0.933
B00QQC1F8F,Prod description for B00QQC1F8F,10,Topic description for 10,0.0673507725516573,0.313
6TKUD7YLD6,Prod description for 6TKUD7YLD6,7,Topic description for 7,-0.9203523674860165,0.198
YI54OM9SIB,Prod description for YI54OM9SIB,9,Topic description for 9,0.1525582953937267,0.961
QRPEDKZRWL,Prod description for QRPEDKZRWL,1,Topic description for 1,-0.5784994330324964,0.751
UBQ0ULES69,Prod description for UBQ0ULES69,10,Topic description for 10,0.2553055084827202,0.85
MQ04A1TAB7,Prod description for MQ04A1TAB7,8,Topic description for 8,-0.6879859749451784,0.642
U79ZH7CF8O,Prod description for U79ZH7CF8O,1,Topic description for 1,0.740829901026568,0.845
0ULI4YT87Q,Prod description for 0ULI4YT87Q,11,Topic description for 11,-0.4460540121530496,0.02
YHXXAMG8HJ,Prod description for YHXXAMG8HJ,11,Topic description for 11,0.3280550842149188,0.96
H27VDIQ6BQ,Prod description for H27VDIQ6BQ,11,Topic description for 11,-0.0743564630118978,0.477
0F15BPUCPA,Prod description for 0F15BPUCPA,11,Topic description for 11,-0.9025232942264012,0.01
5A8W27XH9N,Prod description for 5A8W27XH9N,10,Topic description for 10,-0.7356820287115318,0.159
DC5J776PHH,Prod description for DC5J776PHH,11,Topic description for 11,-0.2794568374750001,0.396
KJ3Y3SIS2N,Prod description for KJ3Y3SIS2N,2,Topic description for 2,0.3926800483285406,0.578
IS2VIWTD4D,Prod description for IS2VIWTD4D,2,Topic description for 2,0.5479811020876015,0.528
HAM7ITXSRS,Prod description for HAM7ITXSRS,4,Topic description for 4,0.3608818120617141,0.482
D4P0VUSE6M,Prod description for D4P0VUSE6M,8,Topic description for 8,0.9987076585932492,0.381
LMD7JX1DOJ,Prod description for LMD7JX1DOJ,11,Topic description for 11,-0.0994292323790504,0.609
V0WW1VMU6F,Prod description for V0WW1VMU6F,1,Topic description for 1,-0.4958647648976686,0.871
COX0PPH5TP,Prod description for COX0PPH5TP,4,Topic description for 4,-0.3310044518218697,0.372
XRZ8SKCSDC,Prod description for XRZ8SKCSDC,9,Topic description for 9,-0.2824437129337664,0.939
TH6HQ4EDO6,Prod description for TH6HQ4EDO6,11,Topic description for 11,-0.8405308441911554,0.827
8A3SX3MBH0,Prod description for 8A3SX3MBH0,4,Topic description for 4,0.6590110101764819,0.24
J3GURS5NBP,Prod description for J3GURS5NBP,4,Topic description for 4,0.6663037991558514,0.535
T2AFDLE1MJ,Prod description for T2AFDLE1MJ,1,Topic description for 1,-0.6408791414491917,0.819
3AVMQXFON8,Prod description for 3AVMQXFON8,3,Topic description for 3,0.6433474603498495,0.102
N5XCGJVFP6,Prod description for N5XCGJVFP6,4,Topic description for 4,-0.6819773707059926,0.654
HY2O1BG8I5,Prod description for HY2O1BG8I5,9,Topic description for 9,0.604610294022121,0.503
2742NB9UQU,Prod description for 2742NB9UQU,0,Topic description for 0,-0.2199439106018337,0.065
JGFLR29ZX6,Prod description for JGFLR29ZX6,5,Topic description for 5,0.288522732683043,0.546
UKTFL5XJ7A,Prod description for UKTFL5XJ7A,8,Topic description for 8,-0.7171171718098921,0.857
A5RAYESNWW,Prod description for A5RAYESNWW,5,Topic description for 5,-0.2268148632174678,0.292
DXV3XJGI5A,Prod description for DXV3XJGI5A,9,Topic description for 9,0.2747487379003968,0.409
BIJOBF0KE9,Prod description for BIJOBF0KE9,3,Topic description for 3,0.3968430720913527,0.337
4488SJTRU6,Prod description for 4488SJTRU6,6,Topic description for 6,0.7585953709423159,0.127
DP8ZF05W9A,Prod description for DP8ZF05W9A,6,Topic description for 6,-0.6340291052017382,0.404
BEFH3DK3TZ,Prod description for BEFH3DK3TZ,2,Topic description for 2,-0.4927171438435433,0.334
OEYQHBCERR,Prod description for OEYQHBCERR,7,Topic description for 7,0.887811730651372,0.686
U9J5UV842X,Prod description for U9J5UV842X,8,Topic description for 8,-0.6313902047709323,0.848
9HW7H68EFP,Prod description for 9HW7H68EFP,2,Topic description for 2,-0.920866169897612,0.268
OFQC25ZS1N,Prod description for OFQC25ZS1N,2,Topic description for 2,0.697765791942663,0.689
RODHDLVD5V,Prod description for RODHDLVD5V,1,Topic description for 1,0.8402111054952535,0.775
JFGRH25LBF,Prod description for JFGRH25LBF,0,Topic description for 0,-0.1968724056084716,0.544
AYFN7H7JN3,Prod description for AYFN7H7JN3,7,Topic description for 7,0.6366956909977448,0.31
ZWB6SIN3LH,Prod description for ZWB6SIN3LH,2,Topic description for 2,0.3573552155488675,0.997
Q4A81YVTBQ,Prod description for Q4A81YVTBQ,8,Topic description for 8,-0.5757300280174336,0.73
UA6DEISBSG,Prod description for UA6DEISBSG,11,Topic description for 11,0.1899179530774994,0.849
1HDFRBIGRF,Prod description for 1HDFRBIGRF,7,Topic description for 7,-0.1596007294156978,0.042
HNU8JK64FB,Prod description for HNU8JK64FB,11,Topic description for 11,0.4892254256625266,0.493
X7CPY78838,Prod description for X7CPY78838,3,Topic description for 3,0.4326655420010277,0.924
RDALJ0FFWU,Prod description for RDALJ0FFWU,0,Topic description for 0,-0.4950972411104051,0.767
LQUWNQG9RP,Prod description for LQUWNQG9RP,11,Topic description for 11,-0.0391162931416277,0.611
XJYAHSE9AD,Prod description for XJYAHSE9AD,6,Topic description for 6,-0.9349993941458288,0.934
IVSUOX2Q2A,Prod description for IVSUOX2Q2A,0,Topic description for 0,-0.1429566973292368,0.53
KO2MMP5NG9,Prod description for KO2MMP5NG9,9,Topic description for 9,-0.9141636658752684,0.582
BJNYRNCRM6,Prod description for BJNYRNCRM6,3,Topic description for 3,-0.601175214854011,0.339
E5FJC1MIMB,Prod description for E5FJC1MIMB,11,Topic description for 11,-0.2851860229992284,0.414
X8R57YSC1B,Prod description for X8R57YSC1B,10,Topic description for 10,-0.6383189862185734,0.927
MZHC16A33Z,Prod description for MZHC16A33Z,7,Topic description for 7,0.4897740388685354,0.649
P5SF8U0DIE,Prod description for P5SF8U0DIE,3,Topic description for 3,0.5107175428113255,0.709
4S2J5I3J6U,Prod description for 4S2J5I3J6U,10,Topic description for 10,-0.9918803672652164,0.146
9KMXCXATH1,Prod description for 9KMXCXATH1,4,Topic description for 4,-0.5090534957522672,0.271
0CJW6STAU8,Prod description for 0CJW6STAU8,4,Topic description for 4,0.956056156918662,0.006
5UTY1DPDDB,Prod description for 5UTY1DPDDB,8,Topic description for 8,0.6401495792498304,0.174
CYOEVIWBUX,Prod description for CYOEVIWBUX,10,Topic description for 10,0.9838683895648797,0.377
HH7I6DLB7C,Prod description for HH7I6DLB7C,2,Topic description for 2,-0.1578466647629395,0.49
E8MRDNTNM5,Prod description for E8MRDNTNM5,3,Topic description for 3,-0.9870523428622328,0.416
B6ZEK2I7HM,Prod description for B6ZEK2I7HM,0,Topic description for 0,0.3036129518585664,0.32
FR0Q650XYZ,Prod description for FR0Q650XYZ,8,Topic description for 8,0.2543147938776136,0.452
B5C0WW1NNN,Prod description for B5C0WW1NNN,7,Topic description for 7,0.98011702963919,0.317
PR0G3HXTOM,Prod description for PR0G3HXTOM,7,Topic description for 7,0.6189529515999583,0.719
U3YQIRFQCM,Prod description for U3YQIRFQCM,10,Topic description for 10,-0.7131264660039529,0.842
PBJ25XAROY,Prod description for PBJ25XAROY,6,Topic description for 6,0.7075489178349565,0.713
3L84JJ4X4M,Prod description for 3L84JJ4X4M,7,Topic description for 7,-0.7177107059079213,0.113
GBMI7FV7XP,Prod description for GBMI7FV7XP,5,Topic description for 5,-0.1286961774856583,0.46
YLUKM3VP27,Prod description for YLUKM3VP27,8,Topic description for 8,0.4356458830629413,0.965
BLHFDNY2EV,Prod description for BLHFDNY2EV,6,Topic description for 6,-0.5692516978766362,0.34
KTUINDOLMU,Prod description for KTUINDOLMU,6,Topic description for 6,0.0623971208194731,0.586
714ASG9AB6,Prod description for 714ASG9AB6,4,Topic description for 4,-0.893958333698224,0.204
807O1L35YQ,Prod description for 807O1L35YQ,6,Topic description for 6,-0.1413814112797993,0.228
256ZIC21I9,Prod description for 256ZIC21I9,2,Topic description for 2,0.500992156313905,0.064
9S73JLSN2P,Prod description for 9S73JLSN2P,9,Topic description for 9,0.521735368056071,0.278
6UXI5SIL5J,Prod description for 6UXI5SIL5J,6,Topic description for 6,0.1812958156683746,0.199
0BH523J11T,Prod description for 0BH523J11T,6,Topic description for 6,0.1014965722545837,0.005
DBBSZ49OHG,Prod description for DBBSZ49OHG,6,Topic description for 6,0.4866219886313538,0.395
M8C0MTIHBI,Prod description for M8C0MTIHBI,9,Topic description for 9,-0.7395450628011957,0.629
LSIO3M9H7N,Prod description for LSIO3M9H7N,1,Topic description for 1,-0.7575207057724673,0.614
4ZQOK0PD2R,Prod description for 4ZQOK0PD2R,1,Topic description for 1,-0.9601594314581172,0.15
5ECCPI63JK,Prod description for 5ECCPI63JK,10,Topic description for 10,-0.1810933995289119,0.161
K04G5BR05D,Prod description for K04G5BR05D,10,Topic description for 10,0.1723491410606954,0.56
IP2D0IQDLZ,Prod description for IP2D0IQDLZ,3,Topic description for 3,-0.2350346325965835,0.526
YKLCZ12X5M,Prod description for YKLCZ12X5M,4,Topic description for 4,-0.5644114332789198,0.964
9XCZ6OGMTR,Prod description for 9XCZ6OGMTR,3,Topic description for 3,-0.1681064506803271,0.284
Z1ZK9JBJKE,Prod description for Z1ZK9JBJKE,1,Topic description for 1,-0.5664572370519565,0.975
R39N4327LK,Prod description for R39N4327LK,11,Topic description for 11,0.6518231544560023,0.761
DA2XFQ9398,Prod description for DA2XFQ9398,3,Topic description for 3,0.7795546474537067,0.392
W3XV2S79SH,Prod description for W3XV2S79SH,9,Topic description for 9,0.6362342174922473,0.897
3S35BZ7U9L,Prod description for 3S35BZ7U9L,4,Topic description for 4,-0.7076419742688969,0.119
59YED40H22,Prod description for 59YED40H22,5,Topic description for 5,0.5642359497389995,0.158
QJMYPKF94C,Prod description for QJMYPKF94C,9,Topic description for 9,0.8304649204080146,0.741
PVNL7I7U52,Prod description for PVNL7I7U52,7,Topic description for 7,0.6806259057377848,0.723
F23O4LVCUF,Prod description for F23O4LVCUF,4,Topic description for 4,-0.1105501162707833,0.436
I0A5JYXPKM,Prod description for I0A5JYXPKM,0,Topic description for 0,-0.5759623468176802,0.505
B738AYC4UX,Prod description for B738AYC4UX,1,Topic description for 1,0.9594330784386826,0.321
TD9T7N5053,Prod description for TD9T7N5053,2,Topic description for 2,-0.4761387650222775,0.822
RJ5D6UVY04,Prod description for RJ5D6UVY04,9,Topic description for 9,0.6120660040879577,0.77
HHDAG2I7VG,Prod description for HHDAG2I7VG,5,Topic description for 5,0.3599374307864831,0.491
KWLZ0D59EX,Prod description for KWLZ0D59EX,1,Topic description for 1,-0.4000125125425029,0.589
RY96HGGFJB,Prod description for RY96HGGFJB,4,Topic description for 4,0.3365687041864578,0.785
2AM6YI6O5R,Prod description for 2AM6YI6O5R,0,Topic description for 0,0.8627947903129403,0.068
46BY6K6X3E,Prod description for 46BY6K6X3E,1,Topic description for 1,0.7673642502196791,0.132
MBKG67CGLL,Prod description for MBKG67CGLL,11,Topic description for 11,-0.3062981850077322,0.633
XDLCSFR8LA,Prod description for XDLCSFR8LA,3,Topic description for 3,0.0325057766335159,0.93
3COBLS87DS,Prod description for 3COBLS87DS,3,Topic description for 3,0.1652419867633927,0.106
CVLFWOD0FX,Prod description for CVLFWOD0FX,1,Topic description for 1,0.426902461240241,0.376
3YU4JRD9T0,Prod description for 3YU4JRD9T0,8,Topic description for 8,0.508682650316526,0.123
ODXIYL0KFG,Prod description for ODXIYL0KFG,4,Topic description for 4,-0.6312183793532129,0.684
15MQYDB28X,Prod description for 15MQYDB28X,1,Topic description for 1,0.6633600167219653,0.032
R5HKU9ACJG,Prod description for R5HKU9ACJG,7,Topic description for 7,0.7328891241290996,0.762
YJ6P7GKL6C,Prod description for YJ6P7GKL6C,10,Topic description for 10,0.1292608888116861,0.962
DTOYJATXQT,Prod description for DTOYJATXQT,11,Topic description for 11,0.0002469466873489,0.407
6QZ28X93WD,Prod description for 6QZ28X93WD,10,Topic description for 10,0.1572041744848453,0.196
8VUFR1GG9Y,Prod description for 8VUFR1GG9Y,0,Topic description for 0,0.3573638941100909,0.254
43G7HEUZZI,Prod description for 43G7HEUZZI,9,Topic description for 9,-0.7622827640509882,0.126
127ZUO7BKG,Prod description for 127ZUO7BKG,3,Topic description for 3,0.5482912540087701,0.029
ERY720SGX7,Prod description for ERY720SGX7,5,Topic description for 5,0.1389186274406137,0.428
KB4RCU9RHY,Prod description for KB4RCU9RHY,6,Topic description for 6,-0.4776031144919836,0.572
MVV02LNHC4,Prod description for MVV02LNHC4,11,Topic description for 11,0.3090979468777755,0.648
ELZV2FURMP,Prod description for ELZV2FURMP,6,Topic description for 6,0.7985588081758745,0.423
SV9IGQ7MB3,Prod description for SV9IGQ7MB3,2,Topic description for 2,-0.6777257931790712,0.809
A8ZX9Y3DCO,Prod description for A8ZX9Y3DCO,5,Topic description for 5,-0.5889728799287122,0.294
WZCCZP6IDK,Prod description for WZCCZP6IDK,8,Topic description for 8,-0.2229588028498137,0.915
TTT6CKUGAM,Prod description for TTT6CKUGAM,10,Topic description for 10,0.0062743988747462,0.834
9EA6G98BLR,Prod description for 9EA6G98BLR,8,Topic description for 8,-0.1503603853731043,0.264
EZ44JB5QAL,Prod description for EZ44JB5QAL,2,Topic description for 2,0.4338847519746995,0.433
H5Y1AMZX9V,Prod description for H5Y1AMZX9V,0,Topic description for 0,0.2575365101662077,0.48
3J9YLQ1G5G,Prod description for 3J9YLQ1G5G,6,Topic description for 6,0.3983047245489206,0.112
B938WHJ6JU,Prod description for B938WHJ6JU,9,Topic description for 9,0.3790616847395394,0.324
RMWD0WQ5S8,Prod description for RMWD0WQ5S8,5,Topic description for 5,0.3359344464554399,0.773
7MTGP7WLMB,Prod description for 7MTGP7WLMB,3,Topic description for 3,-0.0509008535854784,0.219
ZESUV1LCEE,Prod description for ZESUV1LCEE,8,Topic description for 8,-0.2245481827850306,0.979
IEOTUFYTW4,Prod description for IEOTUFYTW4,11,Topic description for 11,0.2498978196705996,0.516
3BRMTVSVLT,Prod description for 3BRMTVSVLT,10,Topic description for 10,-0.8491029175680593,0.104
880QNPFXE3,Prod description for 880QNPFXE3,0,Topic description for 0,-0.7277332369878124,0.236
K6LL2F8A59,Prod description for K6LL2F8A59,1,Topic description for 1,0.3252288290128684,0.569
03L03XBBRR,Prod description for 03L03XBBRR,0,Topic description for 0,-0.9952005540072912,0.002
HEGI4H121L,Prod description for HEGI4H121L,5,Topic description for 5,0.8232893734059232,0.484
OW9RI1MPYK,Prod description for OW9RI1MPYK,3,Topic description for 3,-0.37641306245383,0.705
V0CIE7B7OX,Prod description for V0CIE7B7OX,8,Topic description for 8,-0.0796602399180042,0.87
3N8TUZUBA5,Prod description for 3N8TUZUBA5,2,Topic description for 2,0.801010353519475,0.116
7GGQY7PQ4L,Prod description for 7GGQY7PQ4L,1,Topic description for 1,0.8153166126784535,0.213
AZ8ALVAAMJ,Prod description for AZ8ALVAAMJ,7,Topic description for 7,0.6144786198245,0.312
SY2TBEXAD5,Prod description for SY2TBEXAD5,7,Topic description for 7,-0.7172574751835179,0.812
QH78LPIPGL,Prod description for QH78LPIPGL,4,Topic description for 4,0.4686379001656717,0.739
YDAMKIGXGR,Prod description for YDAMKIGXGR,3,Topic description for 3,-0.8228512900610252,0.957
XX3OB1ITBV,Prod description for XX3OB1ITBV,11,Topic description for 11,-0.7939941695688297,0.946
O8JK24ZC5W,Prod description for O8JK24ZC5W,11,Topic description for 11,0.0129860382910649,0.677
VLHS5GIKMK,Prod description for VLHS5GIKMK,0,Topic description for 0,-0.2780782665736523,0.884
YHUGT41CVB,Prod description for YHUGT41CVB,9,Topic description for 9,0.3404629965723671,0.959
XYK6KKLN6T,Prod description for XYK6KKLN6T,5,Topic description for 5,-0.0528503343239117,0.947
J0CVZM50P0,Prod description for J0CVZM50P0,2,Topic description for 2,-0.910577978868394,0.534
56F7XC8N9P,Prod description for 56F7XC8N9P,8,Topic description for 8,-0.8566011562331015,0.156
ULPU1ORXGY,Prod description for ULPU1ORXGY,10,Topic description for 10,0.2161535679059569,0.858
OTK8GOH678,Prod description for OTK8GOH678,5,Topic description for 5,0.9447183045058892,0.701
IJZOKY7BEJ,Prod description for IJZOKY7BEJ,3,Topic description for 3,-0.7566161257910027,0.52
KFMOWCBTA1,Prod description for KFMOWCBTA1,6,Topic description for 6,-0.1854057415348171,0.574
YS5MZNGX4F,Prod description for YS5MZNGX4F,6,Topic description for 6,0.9243595930265583,0.968
XVAAOKXW8O,Prod description for XVAAOKXW8O,9,Topic description for 9,-0.3190939103688779,0.944
D1597P33NJ,Prod description for D1597P33NJ,6,Topic description for 6,-0.8338327042202245,0.38
4OWKYWBSBK,Prod description for 4OWKYWBSBK,7,Topic description for 7,0.7728446116327705,0.142
39HY1A04VK,Prod description for 39HY1A04VK,9,Topic description for 9,-0.5026292590536778,0.099
DSVL8XY3U3,Prod description for DSVL8XY3U3,6,Topic description for 6,-0.7945824402936534,0.406
O8NXNHX4XN,Prod description for O8NXNHX4XN,6,Topic description for 6,0.1111783525540806,0.678
870AWP53EB,Prod description for 870AWP53EB,8,Topic description for 8,-0.8990586896067672,0.234
93J2P6Z1AJ,Prod description for 93J2P6Z1AJ,3,Topic description for 3,0.060966252470419,0.259
0VU29B74HP,Prod description for 0VU29B74HP,4,Topic description for 4,0.902780502243749,0.021
VD1JKFF2PH,Prod description for VD1JKFF2PH,7,Topic description for 7,0.6259981564420085,0.878
ZPDOXGNV26,Prod description for ZPDOXGNV26,10,Topic description for 10,-0.0401362718556048,0.987
VF74ZWA9Z3,Prod description for VF74ZWA9Z3,0,Topic description for 0,0.4550804237733412,0.879
9TAOPSPMAN,Prod description for 9TAOPSPMAN,11,Topic description for 11,0.3133972997153447,0.279
CGYY8MNZ25,Prod description for CGYY8MNZ25,7,Topic description for 7,-0.1776361647044315,0.368
1JMS4VJ0EZ,Prod description for 1JMS4VJ0EZ,7,Topic description for 7,-0.505201298243898,0.045
2FC6X6V2ET,Prod description for 2FC6X6V2ET,10,Topic description for 10,-0.5538741190995282,0.074
J8XMAME1FU,Prod description for J8XMAME1FU,4,Topic description for 4,-0.349925736173559,0.542
ML7QNA91B7,Prod description for ML7QNA91B7,10,Topic description for 10,-0.146036577089154,0.638
1WJE6D5E6T,Prod description for 1WJE6D5E6T,8,Topic description for 8,-0.6220203991310627,0.058
J89KVFL99O,Prod description for J89KVFL99O,6,Topic description for 6,0.442891773649313,0.541
OUUHBC82XM,Prod description for OUUHBC82XM,4,Topic description for 4,0.1290484584077991,0.703
45GXLOH92F,Prod description for 45GXLOH92F,5,Topic description for 5,0.3059277838007679,0.129
SGA7O2WCI8,Prod description for SGA7O2WCI8,5,Topic description for 5,-0.5315634117689179,0.793
A6YONZZSXA,Prod description for A6YONZZSXA,9,Topic description for 9,-0.8059490552259998,0.293
S7YXUARRIV,Prod description for S7YXUARRIV,2,Topic description for 2,0.9316179078038784,0.788
X0KS8PU1HG,Prod description for X0KS8PU1HG,3,Topic description for 3,0.5217413886983524,0.916
X6N2A0C9BA,Prod description for X6N2A0C9BA,1,Topic description for 1,0.729179729904551,0.922
OC6Q9GM0ZF,Prod description for OC6Q9GM0ZF,7,Topic description for 7,0.9222466952732836,0.683
WRYF7AC4MC,Prod description for WRYF7AC4MC,9,Topic description for 9,-0.2643652526628743,0.91
QDGU09BX6M,Prod description for QDGU09BX6M,0,Topic description for 0,-0.8054572350138145,0.736
OBCFNEIXM5,Prod description for OBCFNEIXM5,2,Topic description for 2,0.3337881432273488,0.682
PUFNZJZU2H,Prod description for PUFNZJZU2H,10,Topic description for 10,-0.2664828296806212,0.722
G1XR5IE4TI,Prod description for G1XR5IE4TI,10,Topic description for 10,-0.989383870718512,0.456
Q1P20LOFX4,Prod description for Q1P20LOFX4,7,Topic description for 7,-0.4769752137805985,0.728
8QKY1PBH9A,Prod description for 8QKY1PBH9A,5,Topic description for 5,0.0591351983512482,0.251
OO9OA9PWWJ,Prod description for OO9OA9PWWJ,3,Topic description for 3,-0.5074638144657024,0.694
63F4VFEWZ7,Prod description for 63F4VFEWZ7,10,Topic description for 10,0.7982747793569402,0.181
ZD43DC926G,Prod description for ZD43DC926G,0,Topic description for 0,-0.379526303623485,0.978
MTSIZUHEUU,Prod description for MTSIZUHEUU,3,Topic description for 3,0.4396726661401549,0.646
ZZELB7G4F2,Prod description for ZZELB7G4F2,2,Topic description for 2,0.3788045269421412,0.999
TGLUAJOO42,Prod description for TGLUAJOO42,6,Topic description for 6,-0.4499554989135144,0.826
F1PGESLCDN,Prod description for F1PGESLCDN,6,Topic description for 6,-0.0146761744302503,0.435
QUAKJ1LW1A,Prod description for QUAKJ1LW1A,5,Topic description for 5,0.603723561614437,0.754
EGA9Q2HO67,Prod description for EGA9Q2HO67,9,Topic description for 9,0.8206948489336923,0.419
9XNYISINO3,Prod description for 9XNYISINO3,8,Topic description for 8,-0.098414038938821,0.286
VV0I9K0LT9,Prod description for VV0I9K0LT9,5,Topic description for 5,-0.4900529131242901,0.888
GKUJS27N8S,Prod description for GKUJS27N8S,0,Topic description for 0,0.3976500062208761,0.466
RX0ID7BNQD,Prod description for RX0ID7BNQD,2,Topic description for 2,-0.5298645433101918,0.784
GHXCKRZE2Y,Prod description for GHXCKRZE2Y,11,Topic description for 11,-0.2838480132345249,0.464
90OFSEDJQ7,Prod description for 90OFSEDJQ7,2,Topic description for 2,0.0958070730651419,0.256
D910KCOXCL,Prod description for D910KCOXCL,0,Topic description for 0,-0.8771990620436523,0.387
U07WP0W46W,Prod description for U07WP0W46W,4,Topic description for 4,-0.2662542871677706,0.84
K5D4TVUOUS,Prod description for K5D4TVUOUS,2,Topic description for 2,0.4526755940548086,0.568
ZJST42RLN0,Prod description for ZJST42RLN0,5,Topic description for 5,-0.7323288788931324,0.983
BP9ZKJX5RZ,Prod description for BP9ZKJX5RZ,11,Topic description for 11,-0.4688687073601099,0.343
DFE4H8ZMTW,Prod description for DFE4H8ZMTW,0,Topic description for 0,-0.8048278012415184,0.398
IA8WLM0FFQ,Prod description for IA8WLM0FFQ,3,Topic description for 3,-0.0225418268741364,0.513
UGV8Y3LTCI,Prod description for UGV8Y3LTCI,7,Topic description for 7,0.7565636347628875,0.855
R6J0WWFOZI,Prod description for R6J0WWFOZI,3,Topic description for 3,-0.1733935602791623,0.763
VZSLYYS2QA,Prod description for VZSLYYS2QA,4,Topic description for 4,-0.3590995002495123,0.893
VXEG0M2BIH,Prod description for VXEG0M2BIH,11,Topic description for 11,-0.6671101640169546,0.891
U0P6T4EWEN,Prod description for U0P6T4EWEN,9,Topic description for 9,0.1233373340606165,0.841
KK51ZM03C9,Prod description for KK51ZM03C9,10,Topic description for 10,0.9849520683123778,0.58
N5HR4KM3RL,Prod description for N5HR4KM3RL,8,Topic description for 8,-0.1019544063636299,0.653
JUU7899ORM,Prod description for JUU7899ORM,3,Topic description for 3,-0.3149954907787855,0.553
USPGUQ16PG,Prod description for USPGUQ16PG,7,Topic description for 7,-0.1885853987748509,0.865
ABB5KAK5TN,Prod description for ABB5KAK5TN,2,Topic description for 2,0.9542691385751554,0.295
19YDD7I2SU,Prod description for 19YDD7I2SU,4,Topic description for 4,0.1548662349559124,0.036
CMRJ39H8UC,Prod description for CMRJ39H8UC,3,Topic description for 3,-0.8967447329889984,0.37
KIDSZNEADT,Prod description for KIDSZNEADT,11,Topic description for 11,-0.9280531728185106,0.575
0HJBV1S9FU,Prod description for 0HJBV1S9FU,9,Topic description for 9,0.2610292817635089,0.012
KWV3WOT5VF,Prod description for KWV3WOT5VF,11,Topic description for 11,-0.6693040071544429,0.59
12Z3BQG041,Prod description for 12Z3BQG041,8,Topic description for 8,-0.953805320017884,0.03
LIS39NB5DI,Prod description for LIS39NB5DI,11,Topic description for 11,-0.0027071130152367,0.606
HOBA7I6N1S,Prod description for HOBA7I6N1S,6,Topic description for 6,0.1315197415232429,0.494
70PMM6N06C,Prod description for 70PMM6N06C,3,Topic description for 3,-0.5495959115872515,0.203
B6AZRMA62N,Prod description for B6AZRMA62N,2,Topic description for 2,-0.2822463453914785,0.318
AKQM7OH0L7,Prod description for AKQM7OH0L7,3,Topic description for 3,0.6852623249997227,0.298
K0KFBZWR72,Prod description for K0KFBZWR72,6,Topic description for 6,-0.9441613483294852,0.563
77C9I7L4GV,Prod description for 77C9I7L4GV,6,Topic description for 6,-0.3404013095898122,0.209
DHVDXKMRSP,Prod description for DHVDXKMRSP,0,Topic description for 0,0.5530988542774902,0.4
PT4DCZ6NHR,Prod description for PT4DCZ6NHR,1,Topic description for 1,0.8221463667247715,0.72
YV6VPQWZRS,Prod description for YV6VPQWZRS,11,Topic description for 11,-0.7811519302880765,0.971
FMTVM8ETY2,Prod description for FMTVM8ETY2,3,Topic description for 3,-0.6546399537481835,0.449
KJ2VTQX9LR,Prod description for KJ2VTQX9LR,0,Topic description for 0,-0.2006987946422627,0.577
GNPDVSQUVR,Prod description for GNPDVSQUVR,3,Topic description for 3,0.2873435138013185,0.468
5XEB23ZW63,Prod description for 5XEB23ZW63,7,Topic description for 7,0.7935612600364781,0.175
2EAW0IA0DX,Prod description for 2EAW0IA0DX,7,Topic description for 7,0.0470007681656992,0.073
HG7I0QFPWQ,Prod description for HG7I0QFPWQ,1,Topic description for 1,-0.6711984893815863,0.487
0Y9O0AA78I,Prod description for 0Y9O0AA78I,7,Topic description for 7,0.4399908397523453,0.023
0R6VLTOXB0,Prod description for 0R6VLTOXB0,0,Topic description for 0,-0.4019383881903391,0.017
IGWEZZYZRG,Prod description for IGWEZZYZRG,8,Topic description for 8,0.6994020209050003,0.517
HIW4LVPPHP,Prod description for HIW4LVPPHP,7,Topic description for 7,-0.4455634649339692,0.492
38QFN974GM,Prod description for 38QFN974GM,11,Topic description for 11,-0.0629233214798292,0.098
JZ0FP7TIKD,Prod description for JZ0FP7TIKD,4,Topic description for 4,-0.2120664803688268,0.557
2AY3IZGMO4,Prod description for 2AY3IZGMO4,0,Topic description for 0,-0.3670889419051586,0.07
PYH6VTFZU9,Prod description for PYH6VTFZU9,3,Topic description for 3,-0.927178756250214,0.726
IA5BBJIW43,Prod description for IA5BBJIW43,11,Topic description for 11,-0.8318978547859528,0.512
6AJEBN1HMX,Prod description for 6AJEBN1HMX,3,Topic description for 3,-0.6422579699926585,0.186
HDGU5XNTBJ,Prod description for HDGU5XNTBJ,8,Topic description for 8,0.91442427564817,0.483
HUP1OZQ5PA,Prod description for HUP1OZQ5PA,1,Topic description for 1,0.2276443495050073,0.499
YYHC3RX9I5,Prod description for YYHC3RX9I5,4,Topic description for 4,-0.8253433713974574,0.972
DMY0OIB6RW,Prod description for DMY0OIB6RW,2,Topic description for 2,0.1399226492750913,0.403
ALC33GDSB7,Prod description for ALC33GDSB7,4,Topic description for 4,0.4825825956791008,0.299
XZACJMIM7S,Prod description for XZACJMIM7S,3,Topic description for 3,0.7407724330226213,0.948
2XH9K5HZEN,Prod description for 2XH9K5HZEN,7,Topic description for 7,-0.7872527104881604,0.087
7DQTPUL6U0,Prod description for 7DQTPUL6U0,1,Topic description for 1,-0.501871414244714,0.211
2HRTWZDOU2,Prod description for 2HRTWZDOU2,1,Topic description for 1,-0.5168052664679956,0.076
Q4NM71OL0H,Prod description for Q4NM71OL0H,6,Topic description for 6,-0.0721631275198311,0.731
B9F0X33P5D,Prod description for B9F0X33P5D,2,Topic description for 2,0.4778772912952707,0.325
JX5RBIUVNL,Prod description for JX5RBIUVNL,11,Topic description for 11,0.2417167368025996,0.555
TQOUD6E0XA,Prod description for TQOUD6E0XA,4,Topic description for 4,0.5714150584349287,0.832
LYMRGX6GBZ,Prod description for LYMRGX6GBZ,2,Topic description for 2,0.6917339231007773,0.623
SU2XWCTLZJ,Prod description for SU2XWCTLZJ,10,Topic description for 10,0.0440166043110419,0.806
P0PLCE4W7L,Prod description for P0PLCE4W7L,7,Topic description for 7,-0.4525115956977732,0.707
O719HI7JKR,Prod description for O719HI7JKR,4,Topic description for 4,0.3546485445238618,0.676
1UZ1O4LA5R,Prod description for 1UZ1O4LA5R,8,Topic description for 8,0.9018012880169166,0.057
K8A0ISELGU,Prod description for K8A0ISELGU,0,Topic description for 0,-0.118062644022463,0.57
VBS9ZYJGFA,Prod description for VBS9ZYJGFA,4,Topic description for 4,-0.1597688921222317,0.876
467TH1JGP7,Prod description for 467TH1JGP7,6,Topic description for 6,0.572229944233086,0.131
0SMNMGXR0Z,Prod description for 0SMNMGXR0Z,4,Topic description for 4,-0.8692629356963448,0.019
LW6TZIWO6E,Prod description for LW6TZIWO6E,5,Topic description for 5,-0.5753377317190063,0.618
K0FVANMP44,Prod description for K0FVANMP44,5,Topic description for 5,-0.3534026315294927,0.562
RHVDL0ICI0,Prod description for RHVDL0ICI0,5,Topic description for 5,0.4871019374133689,0.769
XIOZ4NHOLK,Prod description for XIOZ4NHOLK,7,Topic description for 7,0.7025412164774838,0.932
TMNSQU7HKK,Prod description for TMNSQU7HKK,0,Topic description for 0,-0.9072717034470474,0.83
E2FCF76ESQ,Prod description for E2FCF76ESQ,4,Topic description for 4,-0.6158133118489368,0.413
HW7JPDWEFX,Prod description for HW7JPDWEFX,3,Topic description for 3,-0.2864144109074378,0.502
J784PU6Q56,Prod description for J784PU6Q56,0,Topic description for 0,-0.0111627364526412,0.539
349S9ICK2A,Prod description for 349S9ICK2A,6,Topic description for 6,0.5865445704887693,0.091
U8FWXPGNB1,Prod description for U8FWXPGNB1,6,Topic description for 6,-0.1869828096221162,0.846
XRCEBNK35P,Prod description for XRCEBNK35P,7,Topic description for 7,-0.6532086442417222,0.938
5KRVZHXJGW,Prod description for 5KRVZHXJGW,3,Topic description for 3,-0.6798355164515257,0.169
RWHN4M7TGF,Prod description for RWHN4M7TGF,4,Topic description for 4,0.932177886350878,0.783
Z823YQCAE0,Prod description for Z823YQCAE0,4,Topic description for 4,-0.5775223744363851,0.977
1XWH994OCR,Prod description for 1XWH994OCR,4,Topic description for 4,-0.5748171338665722,0.059
GRGKYOO0Y2,Prod description for GRGKYOO0Y2,4,Topic description for 4,-0.4892475036405428,0.472
1U21OIQVIX,Prod description for 1U21OIQVIX,3,Topic description for 3,-0.0287339106194841,0.055
LE2NHXJV81,Prod description for LE2NHXJV81,9,Topic description for 9,0.1107868372645233,0.598
FU9G5FW9AF,Prod description for FU9G5FW9AF,11,Topic description for 11,-0.9265664565733552,0.455
SBM4BLA4HU,Prod description for SBM4BLA4HU,5,Topic description for 5,0.7441569780342301,0.789
0CKZIWJUA6,Prod description for 0CKZIWJUA6,7,Topic description for 7,-0.0552056901835853,0.007
TXU5RCGNVW,Prod description for TXU5RCGNVW,7,Topic description for 7,-0.7162540756868649,0.838
BPOMXI18T6,Prod description for BPOMXI18T6,10,Topic description for 10,0.5896879941130462,0.344
GP1ZJOT8L8,Prod description for GP1ZJOT8L8,9,Topic description for 9,0.94565656535954,0.47
HZRR0QOY77,Prod description for HZRR0QOY77,0,Topic description for 0,-0.9753537526865104,0.504
QO7SSD0ITA,Prod description for QO7SSD0ITA,3,Topic description for 3,0.8418464224349378,0.748
7X3AJMGKYV,Prod description for 7X3AJMGKYV,5,Topic description for 5,-0.4964125484793187,0.227
ZNKKJ700ZS,Prod description for ZNKKJ700ZS,2,Topic description for 2,0.2257590918196106,0.985
O3OR5UKWQD,Prod description for O3OR5UKWQD,8,Topic description for 8,0.2901769573643047,0.672
ZMVR8E3URU,Prod description for ZMVR8E3URU,7,Topic description for 7,-0.6730045709717789,0.984
TV4D5IANSL,Prod description for TV4D5IANSL,2,Topic description for 2,-0.0458525644328311,0.836
DGPXNV5GXR,Prod description for DGPXNV5GXR,4,Topic description for 4,-0.2439933053522121,0.399
1CUPFGPYB9,Prod description for 1CUPFGPYB9,3,Topic description for 3,-0.4166978169037565,0.04
5IJDO04KTN,Prod description for 5IJDO04KTN,1,Topic description for 1,0.9900434756739708,0.165
LBUW7398AC,Prod description for LBUW7398AC,2,Topic description for 2,0.045051719505003,0.594
3HC0Q7TLXQ,Prod description for 3HC0Q7TLXQ,11,Topic description for 11,-0.8556913666023942,0.108
Y0W40OU6V0,Prod description for Y0W40OU6V0,8,Topic description for 8,0.516025361669409,0.951
T3VIDUVQKC,Prod description for T3VIDUVQKC,7,Topic description for 7,-0.348973464232708,0.82
5L05CXENM1,Prod description for 5L05CXENM1,6,Topic description for 6,0.6782349233604079,0.17
VL08PW586H,Prod description for VL08PW586H,8,Topic description for 8,-0.5668915703992343,0.883
7QR20IZ7FS,Prod description for 7QR20IZ7FS,1,Topic description for 1,-0.1141358530079967,0.224
ZUZ1QS9YDT,Prod description for ZUZ1QS9YDT,9,Topic description for 9,0.0047139420790849,0.995
HETUM4ZACJ,Prod description for HETUM4ZACJ,4,Topic description for 4,-0.6832859504207014,0.486
CAF8HJJTAH,Prod description for CAF8HJJTAH,9,Topic description for 9,-0.6413242268022235,0.359
O5R3ZG0HGH,Prod description for O5R3ZG0HGH,0,Topic description for 0,-0.2305825295424159,0.674
7IWG797JC5,Prod description for 7IWG797JC5,1,Topic description for 1,-0.3172475986802674,0.217
E9BXLT7PZ8,Prod description for E9BXLT7PZ8,3,Topic description for 3,0.4330618520827383,0.417
DDLPMC59YC,Prod description for DDLPMC59YC,4,Topic description for 4,0.3190591562450022,0.397
2AWWZ5EX6E,Prod description for 2AWWZ5EX6E,9,Topic description for 9,-0.4931393251221496,0.069
91ZIHDCYOE,Prod description for 91ZIHDCYOE,11,Topic description for 11,-0.7148741775346901,0.258
QNQ26FGGIN,Prod description for QNQ26FGGIN,1,Topic description for 1,-0.8722199019599595,0.746
8HY2235KH3,Prod description for 8HY2235KH3,7,Topic description for 7,0.3587755398819727,0.244
5SHSYF7MZC,Prod description for 5SHSYF7MZC,0,Topic description for 0,0.9801011917419352,0.172
9BR7MK6YB0,Prod description for 9BR7MK6YB0,7,Topic description for 7,-0.2354832939810029,0.262
4UORQ716MU,Prod description for 4UORQ716MU,5,Topic description for 5,-0.6693158430747201,0.149
B77HI2OSJL,Prod description for B77HI2OSJL,10,Topic description for 10,0.8103393057192876,0.322
X3H0IPRQDZ,Prod description for X3H0IPRQDZ,1,Topic description for 1,0.8422120519355294,0.92
QLJJAIOFMD,Prod description for QLJJAIOFMD,6,Topic description for 6,0.007119089156502,0.743
QPQT29M3DB,Prod description for QPQT29M3DB,1,Topic description for 1,0.2119752759992466,0.75
UGLGQF07Q7,Prod description for UGLGQF07Q7,10,Topic description for 10,0.8128920651717491,0.854
FNAASQSUR3,Prod description for FNAASQSUR3,8,Topic description for 8,-0.8671323986110393,0.45
JKH4CJDZNM,Prod description for JKH4CJDZNM,8,Topic description for 8,0.5644262991647873,0.548
M0XVWYTFR6,Prod description for M0XVWYTFR6,10,Topic description for 10,0.5660684462743466,0.624
JG4K4V54G1,Prod description for JG4K4V54G1,10,Topic description for 10,0.4401549844079364,0.545
4R2RVX03JS,Prod description for 4R2RVX03JS,5,Topic description for 5,-0.3349568928287854,0.144
1II2PKGVF1,Prod description for 1II2PKGVF1,9,Topic description for 9,-0.4309608176580304,0.044
VRE0ZR01J6,Prod description for VRE0ZR01J6,1,Topic description for 1,0.6618735896057,0.886
OHRLTFLKRU,Prod description for OHRLTFLKRU,7,Topic description for 7,0.0345165763712234,0.69
9U2VDU2DTO,Prod description for 9U2VDU2DTO,10,Topic description for 10,-0.6715548680303633,0.281
TUHP45AN6A,Prod description for TUHP45AN6A,6,Topic description for 6,-0.3719717360453087,0.835
3VSFUKI3BG,Prod description for 3VSFUKI3BG,4,Topic description for 4,0.2671751097408092,0.122
K11YVWNT9Q,Prod description for K11YVWNT9Q,11,Topic description for 11,-0.03909470336328,0.564
706ZC17OLB,Prod description for 706ZC17OLB,7,Topic description for 7,0.4532078881784749,0.202
MM8GUJW4MZ,Prod description for MM8GUJW4MZ,0,Topic description for 0,0.9771906038401524,0.639
TBT9NZPPPE,Prod description for TBT9NZPPPE,6,Topic description for 6,-0.6258321075792803,0.821
7QKJQJRSRL,Prod description for 7QKJQJRSRL,6,Topic description for 6,-0.1557892962839639,0.223
5IQ4ZJH578,Prod description for 5IQ4ZJH578,9,Topic description for 9,0.8658896954722932,0.166
4HOP9HDDS7,Prod description for 4HOP9HDDS7,5,Topic description for 5,0.3094352405870211,0.14
H9ULQSWUA3,Prod description for H9ULQSWUA3,2,Topic description for 2,0.5312547692958232,0.481
N0BW8MMX1N,Prod description for N0BW8MMX1N,7,Topic description for 7,-0.4743473476381887,0.65
PH2X8C4UXI,Prod description for PH2X8C4UXI,11,Topic description for 11,0.0124115551583852,0.715
ZSL7HB5RA4,Prod description for ZSL7HB5RA4,4,Topic description for 4,-0.6043289792970941,0.991
18BNGG2UOD,Prod description for 18BNGG2UOD,3,Topic description for 3,0.9969780836955592,0.033
Z78FHDNICP,Prod description for Z78FHDNICP,1,Topic description for 1,0.0967057998939544,0.976
2OM9XGTF4G,Prod description for 2OM9XGTF4G,8,Topic description for 8,0.4163856217652208,0.083
OTFUZ2ZS1S,Prod description for OTFUZ2ZS1S,0,Topic description for 0,-0.3271892038469732,0.7
400M1F0YKW,Prod description for 400M1F0YKW,2,Topic description for 2,-0.8935511561955338,0.124
FRHRELS77A,Prod description for FRHRELS77A,10,Topic description for 10,0.4718917721436093,0.453
U6K1TQT5MT,Prod description for U6K1TQT5MT,7,Topic description for 7,-0.8199951424073681,0.844
SBWMVY9WCN,Prod description for SBWMVY9WCN,3,Topic description for 3,-0.7389530750714735,0.79
1T1D4ZXAAU,Prod description for 1T1D4ZXAAU,0,Topic description for 0,-0.7347950560696719,0.053
UFY798WMQ0,Prod description for UFY798WMQ0,6,Topic description for 6,0.3720097032653617,0.852
BG4KODILA1,Prod description for BG4KODILA1,9,Topic description for 9,-0.1274736673830168,0.335
LECMBXWABQ,Prod description for LECMBXWABQ,6,Topic description for 6,0.5286762918917842,0.6
KRYPI6356O,Prod description for KRYPI6356O,5,Topic description for 5,-0.9353194866071364,0.584
VYASTIPH04,Prod description for VYASTIPH04,8,Topic description for 8,-0.7695226223761922,0.892
UPYZJ2CV3Y,Prod description for UPYZJ2CV3Y,2,Topic description for 2,0.9179100555937064,0.863
85LKEFRVCK,Prod description for 85LKEFRVCK,8,Topic description for 8,-0.6588250590726548,0.232
3MYUBDL7T5,Prod description for 3MYUBDL7T5,6,Topic description for 6,-0.2809314188938385,0.115
9QDF5EWG6H,Prod description for 9QDF5EWG6H,0,Topic description for 0,-0.0315928215630672,0.274
UC0WI6QCFD,Prod description for UC0WI6QCFD,11,Topic description for 11,0.6249973739052908,0.851
Y8SOIB1LTH,Prod description for Y8SOIB1LTH,11,Topic description for 11,0.6144149784930362,0.955
67HGQC0TPB,Prod description for 67HGQC0TPB,6,Topic description for 6,-0.8437246383319594,0.183
N14KL1Z4N8,Prod description for N14KL1Z4N8,0,Topic description for 0,0.8528310392569733,0.651
NBLK3J9N42,Prod description for NBLK3J9N42,1,Topic description for 1,-0.287295320521892,0.662
RUO1YWCIQM,Prod description for RUO1YWCIQM,6,Topic description for 6,-0.9776598776298124,0.782
WNKBLXMGKE,Prod description for WNKBLXMGKE,3,Topic description for 3,-0.4169231088653187,0.905
CQWKRAVDYC,Prod description for CQWKRAVDYC,0,Topic description for 0,0.9488996124000556,0.374
J5WGRUZVYA,Prod description for J5WGRUZVYA,11,Topic description for 11,0.4966581644935697,0.538
3CGHQRTPNP,Prod description for 3CGHQRTPNP,6,Topic description for 6,0.2121089244241281,0.105
D9ZM4ASOZP,Prod description for D9ZM4ASOZP,8,Topic description for 8,0.3437896374051594,0.39
STKGDTRDVC,Prod description for STKGDTRDVC,10,Topic description for 10,-0.6468312297103938,0.805
RTXZO0RZNS,Prod description for RTXZO0RZNS,10,Topic description for 10,-0.122708454238122,0.78
M9CHFJ5Y20,Prod description for M9CHFJ5Y20,7,Topic description for 7,0.604548598383789,0.63
OOAPSZ54KA,Prod description for OOAPSZ54KA,7,Topic description for 7,-0.5973476503179298,0.695
G6XA2E69TP,Prod description for G6XA2E69TP,7,Topic description for 7,0.9009256467768758,0.458
D9W944X6YR,Prod description for D9W944X6YR,4,Topic description for 4,0.1394718517656934,0.389
O40WTV9JKV,Prod description for O40WTV9JKV,1,Topic description for 1,-0.8639052864739134,0.673
9UC7BFKT8D,Prod description for 9UC7BFKT8D,2,Topic description for 2,-0.5533131199203729,0.282
VSTCVXV0IV,Prod description for VSTCVXV0IV,10,Topic description for 10,0.4323877052627998,0.887
VXB66615OA,Prod description for VXB66615OA,9,Topic description for 9,-0.4215609928841335,0.89
9GL504S8X3,Prod description for 9GL504S8X3,9,Topic description for 9,-0.9825297105725616,0.266
7HJUODK3UC,Prod description for 7HJUODK3UC,4,Topic description for 4,-0.6334708265057125,0.216
ZRYCA346IA,Prod description for ZRYCA346IA,9,Topic description for 9,0.2825886905113748,0.989
ZJEFPLFQNJ,Prod description for ZJEFPLFQNJ,1,Topic description for 1,0.4427895043519076,0.981
NB0WKJ3UTY,Prod description for NB0WKJ3UTY,7,Topic description for 7,0.7463690612412739,0.66
W1VAX6AZ5O,Prod description for W1VAX6AZ5O,0,Topic description for 0,0.4318079619170896,0.895
OE8XJTOQ31,Prod description for OE8XJTOQ31,2,Topic description for 2,0.370423551873202,0.685
1B42HI0V76,Prod description for 1B42HI0V76,3,Topic description for 3,0.4555535836285027,0.038
UMBWAPWQ1Z,Prod description for UMBWAPWQ1Z,2,Topic description for 2,0.7330764466249031,0.861
URW3RTKKNB,Prod description for URW3RTKKNB,5,Topic description for 5,-0.3279755489126059,0.864
PMHSEQOMM6,Prod description for PMHSEQOMM6,4,Topic description for 4,-0.096775638183947,0.718
278DQXUQ8J,Prod description for 278DQXUQ8J,0,Topic description for 0,0.6473895101085541,0.066
UZDHTDN21P,Prod description for UZDHTDN21P,9,Topic description for 9,0.3031308457607411,0.869
IQZWDBF6U5,Prod description for IQZWDBF6U5,1,Topic description for 1,-0.4481931253195639,0.527
F16T8XJW7I,Prod description for F16T8XJW7I,10,Topic description for 10,0.8365048554064292,0.434
BB7TJ2FOK0,Prod description for BB7TJ2FOK0,9,Topic description for 9,0.3119401658019636,0.329
878WE3T8V1,Prod description for 878WE3T8V1,2,Topic description for 2,-0.6656163859301671,0.235
GU02IZP50E,Prod description for GU02IZP50E,4,Topic description for 4,0.9055432025424042,0.474
9ZMPKTVSYL,Prod description for 9ZMPKTVSYL,0,Topic description for 0,-0.635691323738726,0.288
FBJZE5SD8F,Prod description for FBJZE5SD8F,2,Topic description for 2,-0.0019100575800892,0.444
82HICNEFDQ,Prod description for 82HICNEFDQ,8,Topic description for 8,0.2706089224368728,0.23
4C57DDT9CW,Prod description for 4C57DDT9CW,8,Topic description for 8,-0.8240045241373013,0.136
QCRH4RRPJ0,Prod description for QCRH4RRPJ0,1,Topic description for 1,-0.3918622882458624,0.735
XFF826M6YT,Prod description for XFF826M6YT,2,Topic description for 2,-0.1529949915961939,0.931
CN5GZ9IWUC,Prod description for CN5GZ9IWUC,8,Topic description for 8,0.5580912000189917,0.371
85XU8804YE,Prod description for 85XU8804YE,2,Topic description for 2,-0.4578296099068883,0.233
0YEEA7IGUL,Prod description for 0YEEA7IGUL,5,Topic description for 5,-0.9715093232371176,0.024
H517W9U8NV,Prod description for H517W9U8NV,1,Topic description for 1,0.4500301586772124,0.478
0E75TE7VY9,Prod description for 0E75TE7VY9,0,Topic description for 0,-0.3309854706303627,0.009
1QGTUT5IJT,Prod description for 1QGTUT5IJT,10,Topic description for 10,0.7229695727086094,0.052
9S1X6E6YM8,Prod description for 9S1X6E6YM8,3,Topic description for 3,0.0745252622756005,0.276
EUIRJ15141,Prod description for EUIRJ15141,7,Topic description for 7,0.5921365333277884,0.432
IBP68N9AHX,Prod description for IBP68N9AHX,8,Topic description for 8,0.3673805911850469,0.514
BCPAL1JDVY,Prod description for BCPAL1JDVY,5,Topic description for 5,0.861830636861143,0.33
7EJ8LNR5MF,Prod description for 7EJ8LNR5MF,3,Topic description for 3,-0.5411778706881365,0.212
71IQ16QGLO,Prod description for 71IQ16QGLO,11,Topic description for 11,-0.8979896604568476,0.206
JANASQN1IV,Prod description for JANASQN1IV,11,Topic description for 11,-0.3868172292139664,0.543
OF92N72UNG,Prod description for OF92N72UNG,6,Topic description for 6,0.5740823984843169,0.687
0Z07IE8QTD,Prod description for 0Z07IE8QTD,10,Topic description for 10,0.9160900053893064,0.025
11R9C88ZOZ,Prod description for 11R9C88ZOZ,9,Topic description for 9,0.9368737565196256,0.028
3J333623BU,Prod description for 3J333623BU,5,Topic description for 5,-0.7646557944826227,0.111
3GYQM04AY2,Prod description for 3GYQM04AY2,8,Topic description for 8,-0.0493289593181982,0.107
AUM2HM7JTB,Prod description for AUM2HM7JTB,9,Topic description for 9,-0.2190441268715526,0.304
YV3W6K3L8I,Prod description for YV3W6K3L8I,6,Topic description for 6,-0.1344045633648649,0.97
1KJ40QHVFV,Prod description for 1KJ40QHVFV,2,Topic description for 2,0.5506484477135236,0.047
TPNKPJIDT0,Prod description for TPNKPJIDT0,6,Topic description for 6,0.3718608558249354,0.831
S6ENE9BM6Q,Prod description for S6ENE9BM6Q,10,Topic description for 10,-0.7737178967216063,0.786
INAZ53WHJZ,Prod description for INAZ53WHJZ,8,Topic description for 8,-0.6012065689684207,0.524
9ZAJA1XNJV,Prod description for 9ZAJA1XNJV,7,Topic description for 7,-0.9247950756892084,0.287
QLX07TO8CA,Prod description for QLX07TO8CA,4,Topic description for 4,0.4935718842814813,0.745
MMQB7Q2KR9,Prod description for MMQB7Q2KR9,10,Topic description for 10,-0.7850728254895487,0.64
60G4T8J25K,Prod description for 60G4T8J25K,9,Topic description for 9,-0.7412005384127971,0.177
W6B1V12CPA,Prod description for W6B1V12CPA,11,Topic description for 11,0.1799054000401936,0.899
IO3AN9HAKD,Prod description for IO3AN9HAKD,4,Topic description for 4,0.0477665873086661,0.525
HUTTDQFJ58,Prod description for HUTTDQFJ58,10,Topic description for 10,-0.677867504195516,0.5
GWREVM2BUG,Prod description for GWREVM2BUG,8,Topic description for 8,0.0719251256935713,0.475
K12BP9EFWL,Prod description for K12BP9EFWL,6,Topic description for 6,0.0579165688103562,0.565
F9WXLJ3LHS,Prod description for F9WXLJ3LHS,4,Topic description for 4,0.507553459804809,0.442
2KGD7KPMM5,Prod description for 2KGD7KPMM5,9,Topic description for 9,0.9463164015140726,0.079
IUFJFJ9R1V,Prod description for IUFJFJ9R1V,5,Topic description for 5,-0.8983103288549927,0.529
CE1763B4XR,Prod description for CE1763B4XR,3,Topic description for 3,0.9553872075378722,0.363
3ADAB52A6L,Prod description for 3ADAB52A6L,3,Topic description for 3,-0.3470701014195108,0.101
1UIDV21EM1,Prod description for 1UIDV21EM1,2,Topic description for 2,-0.9733366319608046,0.056
NE7G5O5NKW,Prod description for NE7G5O5NKW,2,Topic description for 2,0.323017731264039,0.664
JZK9J11XN4,Prod description for JZK9J11XN4,1,Topic description for 1,-0.3349173595362538,0.559
LEUXFV8WBL,Prod description for LEUXFV8WBL,9,Topic description for 9,0.8716659445588795,0.601
9A2KZDZ10A,Prod description for 9A2KZDZ10A,2,Topic description for 2,-0.3835061775060191,0.26
LIR5GGV5HD,Prod description for LIR5GGV5HD,8,Topic description for 8,0.4466725059001284,0.605
SYAE64C3Z2,Prod description for SYAE64C3Z2,8,Topic description for 8,0.4764372827692906,0.813
HG8ZPP72KG,Prod description for HG8ZPP72KG,9,Topic description for 9,0.5722205169733743,0.488
D5V488Y2R0,Prod description for D5V488Y2R0,1,Topic description for 1,0.6538682638102349,0.383
1QANNMTGAO,Prod description for 1QANNMTGAO,1,Topic description for 1,-0.0107815257526473,0.051
KO4PM18YQO,Prod description for KO4PM18YQO,6,Topic description for 6,0.9827363222782752,0.583
T1LEO6NC3J,Prod description for T1LEO6NC3J,5,Topic description for 5,0.2701143818636826,0.817
LWFNR3QDV9,Prod description for LWFNR3QDV9,10,Topic description for 10,0.0901585077380504,0.62
9KBHMZXR3D,Prod description for 9KBHMZXR3D,10,Topic description for 10,0.6685071985229682,0.27
N8LLP0WJWQ,Prod description for N8LLP0WJWQ,2,Topic description for 2,-0.6321162452217708,0.658
LLP76H071J,Prod description for LLP76H071J,7,Topic description for 7,-0.6394919284614007,0.608
6BP5HZ9RA8,Prod description for 6BP5HZ9RA8,7,Topic description for 7,-0.8117060814911692,0.187
FS1IUX22YS,Prod description for FS1IUX22YS,8,Topic description for 8,0.1572881678274937,0.454
OFO0Q96D2I,Prod description for OFO0Q96D2I,1,Topic description for 1,0.0551287730783731,0.688
62H9A8RNQ8,Prod description for 62H9A8RNQ8,3,Topic description for 3,0.2389328930521961,0.18
EQYZCS4MLB,Prod description for EQYZCS4MLB,2,Topic description for 2,-0.1838545166542848,0.427
0KIFSO7L7P,Prod description for 0KIFSO7L7P,3,Topic description for 3,-0.1097344820476502,0.014
CZWTHHRTJ6,Prod description for CZWTHHRTJ6,8,Topic description for 8,0.3060465539797175,0.378
KIP5T70AHE,Prod description for KIP5T70AHE,8,Topic description for 8,-0.4211038541276477,0.576
D9MVE7P3PJ,Prod description for D9MVE7P3PJ,6,Topic description for 6,0.6237440708246738,0.388
3OIIZA5B5J,Prod description for 3OIIZA5B5J,4,Topic description for 4,0.6302587753283371,0.117
Y5MGI68GEP,Prod description for Y5MGI68GEP,7,Topic description for 7,0.924007094963102,0.954
9QNY4VYUQG,Prod description for 9QNY4VYUQG,4,Topic description for 4,0.5443709048113508,0.275
DAUI0OK7M3,Prod description for DAUI0OK7M3,9,Topic description for 9,-0.3638015988104877,0.394
8NX75CCMT1,Prod description for 8NX75CCMT1,0,Topic description for 0,-0.8329276925674367,0.247
9GSYG1JZFA,Prod description for 9GSYG1JZFA,3,Topic description for 3,0.430754239798941,0.267
BE8U9TJUYZ,Prod description for BE8U9TJUYZ,9,Topic description for 9,0.9557254465959116,0.333
O5R9IR0IUJ,Prod description for O5R9IR0IUJ,5,Topic description for 5,0.9611622564828656,0.675
7QD71WENMX,Prod description for 7QD71WENMX,9,Topic description for 9,0.376259669226332,0.222
ZTS56MLQ1Y,Prod description for ZTS56MLQ1Y,0,Topic description for 0,0.4689079847804129,0.993
NBLD7TXS1F,Prod description for NBLD7TXS1F,11,Topic description for 11,0.7273928562133911,0.661
UV9NPH9F6A,Prod description for UV9NPH9F6A,6,Topic description for 6,0.9679180853915964,0.867
6PQA9IS7NA,Prod description for 6PQA9IS7NA,8,Topic description for 8,0.881005530148981,0.194
N8CB8ZWVX6,Prod description for N8CB8ZWVX6,4,Topic description for 4,0.5474355748328952,0.657
IKOAARH2IA,Prod description for IKOAARH2IA,4,Topic description for 4,-0.3568548781282474,0.521
C12KQ14CQA,Prod description for C12KQ14CQA,11,Topic description for 11,0.1323089143057212,0.35
ULTG42U05Y,Prod description for ULTG42U05Y,8,Topic description for 8,0.2473143102120876,0.859
51GFCCRLZX,Prod description for 51GFCCRLZX,9,Topic description for 9,0.2487821329911834,0.152
RRE5U0AFYK,Prod description for RRE5U0AFYK,7,Topic description for 7,0.7404369910005373,0.778
9S2NNCSF3N,Prod description for 9S2NNCSF3N,11,Topic description for 11,-0.3283848813985743,0.277
ESHMIXPBMC,Prod description for ESHMIXPBMC,3,Topic description for 3,-0.9086606868185484,0.43
1JN3PCZTMA,Prod description for 1JN3PCZTMA,2,Topic description for 2,0.0757824658763879,0.046
RNG08B4G1G,Prod description for RNG08B4G1G,7,Topic description for 7,0.7383180415146366,0.774
WI2C7ANRNJ,Prod description for WI2C7ANRNJ,5,Topic description for 5,-0.4647023470992344,0.903
ZUNFEQ2ZLJ,Prod description for ZUNFEQ2ZLJ,4,Topic description for 4,-0.8109166952880269,0.994
SSNSRXP2J3,Prod description for SSNSRXP2J3,7,Topic description for 7,-0.9580053326513952,0.803
FAZQA6ULY0,Prod description for FAZQA6ULY0,4,Topic description for 4,0.6050705743812976,0.443
J4X41OQLX3,Prod description for J4X41OQLX3,6,Topic description for 6,-0.5867576033839228,0.536
2C6VUOPP1G,Prod description for 2C6VUOPP1G,8,Topic description for 8,0.1720135955665231,0.072
JODKCEPZGI,Prod description for JODKCEPZGI,10,Topic description for 10,-0.7909283880752056,0.549
GOTBJCYS0I,Prod description for GOTBJCYS0I,7,Topic description for 7,0.8070635466203242,0.469
44QJEZ6OF0,Prod description for 44QJEZ6OF0,8,Topic description for 8,0.6038460794665803,0.128
QBPYIXCBQ2,Prod description for QBPYIXCBQ2,3,Topic description for 3,0.3678832212637193,0.734
JJ2OYX0BVQ,Prod description for JJ2OYX0BVQ,1,Topic description for 1,-0.0811447249732435,0.547
DL58NLP5QN,Prod description for DL58NLP5QN,3,Topic description for 3,-0.7569169517409884,0.401
0DMNB7WSF5,Prod description for 0DMNB7WSF5,0,Topic description for 0,0.8296039664922736,0.008
2LFJ0VX1AL,Prod description for 2LFJ0VX1AL,7,Topic description for 7,0.2248531601222014,0.08
C9RFQ7V01J,Prod description for C9RFQ7V01J,4,Topic description for 4,0.715674492598805,0.357
S7VPQY8ZV1,Prod description for S7VPQY8ZV1,1,Topic description for 1,0.7506292356480142,0.787
LOCPJPDJNE,Prod description for LOCPJPDJNE,4,Topic description for 4,0.3532295847498374,0.61
C1MIZKE7SR,Prod description for C1MIZKE7SR,8,Topic description for 8,0.7187163442815194,0.351
DZ7JY0LIRJ,Prod description for DZ7JY0LIRJ,9,Topic description for 9,0.6125007237584474,0.41
Q8GWEYHFUD,Prod description for Q8GWEYHFUD,7,Topic description for 7,-0.653202981806988,0.733
49IRBLMPEL,Prod description for 49IRBLMPEL,1,Topic description for 1,0.9119919273652484,0.133
VCJ9YG63PB,Prod description for VCJ9YG63PB,7,Topic description for 7,-0.7121894643725153,0.877
XJYCLKRYUW,Prod description for XJYCLKRYUW,0,Topic description for 0,-0.0658757872277138,0.935
06FQ16BZ9B,Prod description for 06FQ16BZ9B,6,Topic description for 6,-0.6477154463932357,0.003
